FROM,TO,MODE,BIDIRECTIONAL,WHEELCHAIR,STROLLER,LUGGAGE,CREATED,STATUS
BUS_STOP_1,COR_EXT_MAIN_ENTRANCE_W,WALK,Verdadero,Verdadero,Verdadero,Verdadero,2026-02-25T13:50:00.000Z,ACTIVE
CAR_WASH_B1,PARK_RING_W_M1,WALK,Verdadero,Verdadero,Verdadero,Verdadero,2026-03-03T22:06:19Z,ACTIVE
COR_COVERED_M1,COR_COVERED_M2,WALK,Verdadero,Verdadero,Verdadero,Verdadero,2026-02-25T21:15:25.107Z,ACTIVE
COR_COVERED_M3,COR_COVERED_M2,WALK,Verdadero,Verdadero,Verdadero,Verdadero,2026-02-25T21:15:29.046Z,ACTIVE
COR_COVERED_M4,ATM4_F0,WALK,Verdadero,Verdadero,Verdadero,Verdadero,2026-02-25T21:15:35.301Z,ACTIVE
COR_COVERED_M4,COR_COVERED_M3,WALK,Verdadero,Verdadero,Verdadero,Verdadero,2026-02-25T21:15:33.585Z,ACTIVE
COR_COVERED_M4,COR_COVERED_M5,WALK,Verdadero,Verdadero,Verdadero,Verdadero,2026-02-25T21:15:37.057Z,ACTIVE
COR_COVERED_M4,COR_MAIN_N1_M2,WALK,Verdadero,Verdadero,Verdadero,Verdadero,2026-02-25T21:15:41.832Z,ACTIVE
COR_COVERED_M5,COR_COVERED_M6,WALK,Verdadero,Verdadero,Verdadero,Verdadero,2026-02-25T21:16:18.655Z,ACTIVE
COR_COVERED_M6,COR_COVERED_S,WALK,Verdadero,Verdadero,Verdadero,Verdadero,2026-02-25T21:16:20.926Z,ACTIVE
COR_COVERED_N,COR_COVERED_M1,WALK,Verdadero,Verdadero,Verdadero,Verdadero,2026-02-25T21:15:18.862Z,ACTIVE
COR_COVERED_N,COR_PLZ_N_S_F0,WALK,Verdadero,Verdadero,Verdadero,Verdadero,2026-02-25T21:15:00.659Z,ACTIVE
COR_COVERED_S,COR_PLZ_W_S_F0,WALK,Verdadero,Verdadero,Verdadero,Verdadero,2026-02-25T21:16:46.728Z,ACTIVE
COR_EXT_E_M1,COR_EXT_E_N,WALK,Verdadero,Verdadero,Verdadero,Verdadero,2026-02-25T21:08:46.701Z,ACTIVE
COR_EXT_E_M2,COR_EXT_E_M1,WALK,Verdadero,Verdadero,Verdadero,Verdadero,2026-02-25T21:08:44.872Z,ACTIVE
COR_EXT_E_M3,COR_EXT_E_M2,WALK,Verdadero,Verdadero,Verdadero,Verdadero,2026-02-25T21:08:40.374Z,ACTIVE
COR_EXT_E_M3,COR_EXT_E_M4,WALK,Verdadero,Verdadero,Verdadero,Verdadero,2026-02-25T21:08:33.929Z,ACTIVE
COR_EXT_E_M5,COR_EXT_E_M4,WALK,Verdadero,Verdadero,Verdadero,Verdadero,2026-02-25T21:08:03.785Z,ACTIVE
COR_EXT_E_M6,COR_EXT_E_M5,WALK,Verdadero,Verdadero,Verdadero,Verdadero,2026-02-25T21:07:59.320Z,ACTIVE
COR_EXT_E_M7,COR_EXT_E_M6,WALK,Verdadero,Verdadero,Verdadero,Verdadero,2026-02-25T21:07:56.205Z,ACTIVE
COR_EXT_E_S,COR_EXT_E_M7,WALK,Verdadero,Verdadero,Verdadero,Verdadero,2026-02-25T21:07:54.907Z,ACTIVE
COR_EXT_MAIN_ENTRANCE_E,COR_EXT_MAIN_ENTRANCE_M1,WALK,Verdadero,Verdadero,Verdadero,Verdadero,2026-02-24T08:54:00.000Z,ACTIVE
COR_EXT_MAIN_ENTRANCE_E,TAXI_PICKUP_1,WALK,Verdadero,Verdadero,Verdadero,Verdadero,2026-02-24T08:54:00.000Z,ACTIVE
COR_EXT_MAIN_ENTRANCE_M1,NODE_EXT_MAIN_ENTRANCE,WALK,Verdadero,Verdadero,Verdadero,Verdadero,2026-03-04T16:42:01Z,ACTIVE
COR_EXT_MAIN_ENTRANCE_W,COR_EXT_MAIN_ENTRANCE_M1,WALK,Verdadero,Verdadero,Verdadero,Verdadero,2026-02-24T08:54:00.000Z,ACTIVE
COR_EXT_N_MAIN_E,COR_EXT_N_MAIN_M1,WALK,Verdadero,Verdadero,Verdadero,Verdadero,2026-02-24T13:19:00.000Z,ACTIVE
COR_EXT_N_MAIN_M2,COR_EXT_N_MAIN_M1,WALK,Verdadero,Verdadero,Verdadero,Verdadero,2026-02-24T13:19:00.000Z,ACTIVE
COR_EXT_N_MAIN_M2,PARKING_LOT_N,WALK,Verdadero,Verdadero,Verdadero,Verdadero,2026-02-24T13:31:00.000Z,ACTIVE
COR_EXT_N_MAIN_W,COR_EXT_N_MAIN_M2,WALK,Verdadero,Verdadero,Verdadero,Verdadero,2026-02-24T13:19:00.000Z,ACTIVE
COR_EXT_W_M1,COR_EXT_W_N,WALK,Verdadero,Verdadero,Verdadero,Verdadero,2026-02-25T21:03:34.763Z,ACTIVE
COR_EXT_W_M2,COR_EXT_W_M1,WALK,Verdadero,Verdadero,Verdadero,Verdadero,2026-02-25T21:03:31.205Z,ACTIVE
COR_EXT_W_M2,ELV_W1_F0,WALK,Verdadero,Verdadero,Verdadero,Verdadero,2026-02-25T21:03:43.013Z,ACTIVE
COR_EXT_W_M2,STR_W1_OUTSIDE_F0,WALK,Verdadero,Verdadero,Verdadero,Verdadero,2026-02-25T21:03:45.219Z,ACTIVE
COR_EXT_W_M3,COR_EXT_W_M2,WALK,Verdadero,Verdadero,Verdadero,Verdadero,2026-02-25T21:03:29.136Z,ACTIVE
COR_EXT_W_M4,COR_EXT_W_M3,WALK,Verdadero,Verdadero,Verdadero,Verdadero,2026-02-25T21:02:40.480Z,ACTIVE
COR_EXT_W_M4,COR_EXT_W_M5,WALK,Verdadero,Verdadero,Verdadero,Verdadero,2026-02-25T21:02:36.917Z,ACTIVE
COR_EXT_W_M4,NODE_EXT_W_ENTRANCE,WALK,Verdadero,Verdadero,Verdadero,Verdadero,2026-02-25T21:05:10.606Z,ACTIVE
COR_EXT_W_M5,ELV_W_F0,WALK,Verdadero,Verdadero,Verdadero,Verdadero,2026-02-25T21:05:45.774Z,ACTIVE
COR_EXT_W_M5,STR_W_OUTSIDE_F0,WALK,Verdadero,Verdadero,Verdadero,Verdadero,2026-02-25T21:05:43.895Z,ACTIVE
COR_EXT_W_N,EXT_GAS_STATION_PARKING,WALK,Verdadero,Verdadero,Verdadero,Verdadero,2026-02-25T21:03:36.301Z,ACTIVE
COR_EXT_W_S,COR_EXT_W_M5,WALK,Verdadero,Verdadero,Verdadero,Verdadero,2026-02-25T21:02:13.452Z,ACTIVE
COR_MAIN_E_M1,COR_MAIN_E_S,WALK,Verdadero,Verdadero,Verdadero,Verdadero,2026-02-25T21:18:04.951Z,ACTIVE
COR_MAIN_E_M2,COR_MAIN_E_M1,WALK,Verdadero,Verdadero,Verdadero,Verdadero,2026-02-25T21:18:00.145Z,ACTIVE
COR_MAIN_E_M3,COR_MAIN_E_M2,WALK,Verdadero,Verdadero,Verdadero,Verdadero,2026-02-25T21:17:57.461Z,ACTIVE
COR_MAIN_E_M3,SHORTCUT_HM_E_F0,WALK,Verdadero,Verdadero,Verdadero,Verdadero,2026-02-25T21:17:55.649Z,ACTIVE
COR_MAIN_E_M4,COR_MAIN_E_M3,WALK,Verdadero,Verdadero,Verdadero,Verdadero,2026-02-25T21:17:54.392Z,ACTIVE
COR_MAIN_E_M4,NODE_DOOR_CALZEDONIA,WALK,Verdadero,Verdadero,Verdadero,Verdadero,2026-02-27T20:09:25Z,ACTIVE
COR_MAIN_E_N,COR_MAIN_E_M4,WALK,Verdadero,Verdadero,Verdadero,Verdadero,2026-02-25T21:17:50.511Z,ACTIVE
COR_MAIN_E1_M1,COR_MAIN_E1_M2,WALK,Verdadero,Verdadero,Verdadero,Verdadero,2026-02-25T21:10:25.268Z,ACTIVE
COR_MAIN_E1_M2,COR_MAIN_E1_M3,WALK,Verdadero,Verdadero,Verdadero,Verdadero,2026-02-25T21:10:27.360Z,ACTIVE
COR_MAIN_E1_M3,COR_MAIN_E1_M4,WALK,Verdadero,Verdadero,Verdadero,Verdadero,2026-02-25T21:10:29.716Z,ACTIVE
COR_MAIN_E1_M4,COR_MAIN_E1_N,WALK,Verdadero,Verdadero,Verdadero,Verdadero,2026-02-25T21:11:45.543Z,ACTIVE
COR_MAIN_E1_N,COR_PLZ_N_N_F0,WALK,Verdadero,Verdadero,Verdadero,Verdadero,2026-02-25T21:14:57.624Z,ACTIVE
COR_MAIN_E1_S,COR_MAIN_E1_M1,WALK,Verdadero,Verdadero,Verdadero,Verdadero,2026-02-25T21:10:24.094Z,ACTIVE
COR_MAIN_E1_S,COR_PLZ_E_N_F0,WALK,Verdadero,Verdadero,Verdadero,Verdadero,2026-02-25T21:10:19.806Z,ACTIVE
COR_MAIN_E1_S,COR_PLZ_E_W_F0,WALK,Verdadero,Verdadero,Verdadero,Verdadero,2026-02-25T21:10:18.039Z,ACTIVE
COR_MAIN_E2_N,COR_MAIN_E2_S,WALK,Verdadero,Verdadero,Verdadero,Verdadero,2026-02-25T21:09:29.333Z,ACTIVE
COR_MAIN_E2_S,COR_PLZ_E_E_F0,WALK,Verdadero,Verdadero,Verdadero,Verdadero,2026-02-25T21:09:48.866Z,ACTIVE
COR_MAIN_N_M1,COR_MAIN_N_S,WALK,Verdadero,Verdadero,Verdadero,Verdadero,2026-02-25T21:17:30.752Z,ACTIVE
COR_MAIN_N_M2,COR_MAIN_N_M1,WALK,Verdadero,Verdadero,Verdadero,Verdadero,2026-02-25T21:17:29.089Z,ACTIVE
COR_MAIN_N_M3,COR_MAIN_N_M2,WALK,Verdadero,Verdadero,Verdadero,Verdadero,2026-02-25T21:17:27.246Z,ACTIVE
COR_MAIN_N_M4,COR_MAIN_N_M3,WALK,Verdadero,Verdadero,Verdadero,Verdadero,2026-02-25T21:17:26.219Z,ACTIVE
COR_MAIN_N_M4,PARKING_LOT_N,WALK,Verdadero,Verdadero,Verdadero,Verdadero,2026-02-24T13:30:00.000Z,ACTIVE
COR_MAIN_N_N,COR_MAIN_N_M4,WALK,Verdadero,Verdadero,Verdadero,Verdadero,2026-02-25T21:17:24.920Z,ACTIVE
COR_MAIN_N1_M1,SHORTCUT_HM_W_F0,WALK,Verdadero,Verdadero,Verdadero,Verdadero,2026-02-25T21:15:51.644Z,ACTIVE
COR_MAIN_N1_M2,COR_MAIN_N1_M1,WALK,Verdadero,Verdadero,Verdadero,Verdadero,2026-02-25T21:15:49.333Z,ACTIVE
COR_MAIN_N1_M3,COR_MAIN_N1_M2,WALK,Verdadero,Verdadero,Verdadero,Verdadero,2026-02-25T21:15:47.343Z,ACTIVE
COR_MAIN_N1_M4,COR_MAIN_N1_M3,WALK,Verdadero,Verdadero,Verdadero,Verdadero,2026-02-25T21:15:45.940Z,ACTIVE
COR_MAIN_N1_M4,NODE_DOOR_ALEJOR,WALK,Verdadero,Verdadero,Verdadero,Verdadero,2026-02-27T20:05:39Z,ACTIVE
COR_MAIN_N1_M4,NODE_DOOR_GUESS_N,WALK,Verdadero,Verdadero,Verdadero,Verdadero,2026-02-27T20:05:41Z,ACTIVE
COR_MAIN_N1_M4,NODE_DOOR_TIENDANIMAL,WALK,Verdadero,Verdadero,Verdadero,Verdadero,2026-02-27T20:05:38Z,ACTIVE
COR_MAIN_N1_N,COR_MAIN_N1_M4,WALK,Verdadero,Verdadero,Verdadero,Verdadero,2026-02-25T21:15:14.572Z,ACTIVE
COR_MAIN_N1_S,COR_MAIN_N1_M1,WALK,Verdadero,Verdadero,Verdadero,Verdadero,2026-02-27T20:16:34Z,ACTIVE
COR_MAIN_N1_S,COR_PLZ_W_N_F0,WALK,Verdadero,Verdadero,Verdadero,Verdadero,2026-02-25T21:16:07.594Z,ACTIVE
COR_MAIN_W_E,ATM3_F0,WALK,Verdadero,Verdadero,Verdadero,Verdadero,2026-02-25T21:07:00.925Z,ACTIVE
COR_MAIN_W_E,COR_PLZ_S_S_F0,WALK,Verdadero,Verdadero,Verdadero,Verdadero,2026-02-25T21:06:25.882Z,ACTIVE
COR_MAIN_W_E,COR_PLZ_S_W_F0,WALK,Verdadero,Verdadero,Verdadero,Verdadero,2026-02-25T21:06:27.574Z,ACTIVE
COR_MAIN_W_E,ESC_W_F0,WALK,Verdadero,Verdadero,Verdadero,Verdadero,2026-02-25T21:06:59.042Z,ACTIVE
COR_MAIN_W_M1,COR_MAIN_W_M2,WALK,Verdadero,Verdadero,Verdadero,Verdadero,2026-02-25T21:05:55.806Z,ACTIVE
COR_MAIN_W_M2,COR_MAIN_W_E,WALK,Verdadero,Verdadero,Verdadero,Verdadero,2026-02-25T21:06:03.602Z,ACTIVE
COR_MAIN_W_W,ATM_F0,WALK,Verdadero,Verdadero,Verdadero,Verdadero,2026-02-25T21:05:30.708Z,ACTIVE
COR_MAIN_W_W,COR_MAIN_W_M1,WALK,Verdadero,Verdadero,Verdadero,Verdadero,2026-02-25T21:05:34.177Z,ACTIVE
COR_MAIN_W1_M1,COR_MAIN_W1_M2,WALK,Verdadero,Verdadero,Verdadero,Verdadero,2026-02-25T21:07:13.384Z,ACTIVE
COR_MAIN_W1_M2,COR_MAIN_W1_E,WALK,Verdadero,Verdadero,Verdadero,Verdadero,2026-02-25T21:07:18.836Z,ACTIVE
COR_MAIN_W1_W,COR_MAIN_W1_M1,WALK,Verdadero,Verdadero,Verdadero,Verdadero,2026-02-25T21:07:12.111Z,ACTIVE
COR_MAIN_W1_W,COR_PLZ_S_E_F0,WALK,Verdadero,Verdadero,Verdadero,Verdadero,2026-02-25T21:06:36.417Z,ACTIVE
COR_PLZ_CROSS_NS_N_F0,COR_PLZ_CROSS_NS_N_M1,WALK,Verdadero,Verdadero,Verdadero,Verdadero,2026-02-25T21:14:18.999Z,ACTIVE
COR_PLZ_CROSS_NS_N_M1,COR_PLZ_CROSS_NS_S_F0,WALK,Verdadero,Verdadero,Verdadero,Verdadero,2026-02-25T21:14:18.999Z,ACTIVE
COR_PLZ_CROSS_NS_N_M1,NODE_PLZ_CROSS_CENTER_F0,WALK,Verdadero,Verdadero,Verdadero,Verdadero,2026-02-25T21:14:18.999Z,ACTIVE
COR_PLZ_CROSS_NS_S_F0,COR_PLZ_MAIN_E_M2,WALK,Verdadero,Verdadero,Verdadero,Verdadero,2026-02-25T21:21:27.475Z,ACTIVE
COR_PLZ_CROSS_WE_E_F0,COR_PLZ_CROSS_WE_W_M1,WALK,Verdadero,Verdadero,Verdadero,Verdadero,2026-02-25T21:22:47.004Z,ACTIVE
COR_PLZ_CROSS_WE_E_F0,COR_PLZ_MAIN_W_M2,WALK,Verdadero,Verdadero,Verdadero,Verdadero,2026-02-25T21:23:36.275Z,ACTIVE
COR_PLZ_CROSS_WE_W_M1,ATM2_F0,WALK,Verdadero,Verdadero,Verdadero,Verdadero,2026-02-25T21:28:33.259Z,ACTIVE
COR_PLZ_CROSS_WE_W_M1,COR_PLZ_CROSS_WE_W_F0,WALK,Verdadero,Verdadero,Verdadero,Verdadero,2026-02-25T21:22:07.695Z,ACTIVE
COR_PLZ_CROSS_WE_W_M1,NODE_PLZ_CROSS_CENTER_F0,WALK,Verdadero,Verdadero,Verdadero,Verdadero,2026-02-25T21:32:52.822Z,ACTIVE
COR_PLZ_E_N_F0,COR_MAIN_E2_S,WALK,Verdadero,Verdadero,Verdadero,Verdadero,2026-02-25T21:09:43.662Z,ACTIVE
COR_PLZ_E_N_F0,ESC_E_F0,WALK,Verdadero,Verdadero,Verdadero,Verdadero,2026-02-25T21:10:09.949Z,ACTIVE
COR_PLZ_E_S_F0,COR_MAIN_E_N,WALK,Verdadero,Verdadero,Verdadero,Verdadero,2026-02-25T21:17:48.824Z,ACTIVE
COR_PLZ_E_S_F0,COR_PLZ_E_E_F0,WALK,Verdadero,Verdadero,Verdadero,Verdadero,2026-02-25T21:09:56.242Z,ACTIVE
COR_PLZ_E_S_F0,COR_PLZ_E_W_F0,WALK,Verdadero,Verdadero,Verdadero,Verdadero,2026-02-25T21:09:51.835Z,ACTIVE
COR_PLZ_E_W_F0,COR_PLZ_E_N_F0,WALK,Verdadero,Verdadero,Verdadero,Verdadero,2026-02-25T21:09:40.275Z,ACTIVE
COR_PLZ_FC_N_E_F1,COR_PLZ_FC_N_S_M1,WALK,Verdadero,Verdadero,Verdadero,Verdadero,2026-02-24T13:35:00.000Z,ACTIVE
COR_PLZ_FC_N_E_M1,COR_PLZ_FC_N_N_F1,WALK,Verdadero,Verdadero,Verdadero,Verdadero,2026-02-24T13:35:00.000Z,ACTIVE
COR_PLZ_FC_N_E_M2,COR_PLZ_FC_N_E_F1,WALK,Verdadero,Verdadero,Verdadero,Verdadero,2026-02-24T13:35:00.000Z,ACTIVE
COR_PLZ_FC_N_E_M2,COR_PLZ_FC_N_E_M1,WALK,Verdadero,Verdadero,Verdadero,Verdadero,2026-02-24T13:35:00.000Z,ACTIVE
COR_PLZ_FC_N_N_F1,COR_PLZ_FC_N_N_M2,WALK,Verdadero,Verdadero,Verdadero,Verdadero,2026-02-24T13:33:00.000Z,ACTIVE
COR_PLZ_FC_N_N_M1,COR_PLZ_FC_N_W_F1,WALK,Verdadero,Verdadero,Verdadero,Verdadero,2026-02-24T13:33:00.000Z,ACTIVE
COR_PLZ_FC_N_N_M2,COR_PLZ_FC_N_N_M1,WALK,Verdadero,Verdadero,Verdadero,Verdadero,2026-02-24T13:33:00.000Z,ACTIVE
COR_PLZ_FC_N_N_M2,NODE_DOOR_RESTAURANTCASACARMEN,WALK,Verdadero,Verdadero,Verdadero,Verdadero,2026-02-27T19:54:35Z,ACTIVE
COR_PLZ_FC_N_N_M2,NODE_DOOR_WC_C_F1,WALK,Verdadero,Verdadero,Verdadero,Verdadero,2026-02-24T13:34:00.000Z,ACTIVE
COR_PLZ_FC_N_S_F1,COR_PLZ_FC_N_S_M2,WALK,Verdadero,Verdadero,Verdadero,Verdadero,2026-02-24T13:35:00.000Z,ACTIVE
COR_PLZ_FC_N_S_F1,COR_PLZ_FC_N_W_M1,WALK,Verdadero,Verdadero,Verdadero,Verdadero,2026-02-24T13:35:00.000Z,ACTIVE
COR_PLZ_FC_N_S_M2,COR_PLZ_FC_N_S_M1,WALK,Verdadero,Verdadero,Verdadero,Verdadero,2026-02-24T13:35:00.000Z,ACTIVE
COR_PLZ_FC_N_W_M1,COR_PLZ_FC_N_W_M2,WALK,Verdadero,Verdadero,Verdadero,Verdadero,2026-02-24T13:35:00.000Z,ACTIVE
COR_PLZ_FC_N_W_M2,COR_PLZ_FC_N_W_F1,WALK,Verdadero,Verdadero,Verdadero,Verdadero,2026-02-24T13:35:00.000Z,ACTIVE
COR_PLZ_FC_S_E_F1,COR_PLZ_FC_S_E_M1,WALK,Verdadero,Verdadero,Verdadero,Verdadero,2026-02-24T13:37:00.000Z,ACTIVE
COR_PLZ_FC_S_E_F1,COR_PLZ_FC_S_S_M3,WALK,Verdadero,Verdadero,Verdadero,Verdadero,2026-02-24T13:37:00.000Z,ACTIVE
COR_PLZ_FC_S_E_M1,COR_PLZ_FC_S_E_M2,WALK,Verdadero,Verdadero,Verdadero,Verdadero,2026-02-24T13:37:00.000Z,ACTIVE
COR_PLZ_FC_S_E_M2,COR_PLZ_FC_S_E_M3,WALK,Verdadero,Verdadero,Verdadero,Verdadero,2026-02-24T13:37:00.000Z,ACTIVE
COR_PLZ_FC_S_E_M3,COR_PLZ_FC_S_N_F1,WALK,Verdadero,Verdadero,Verdadero,Verdadero,2026-02-24T13:37:00.000Z,ACTIVE
COR_PLZ_FC_S_N_F1,COR_PLZ_FC_N_E_F1,WALK,Verdadero,Verdadero,Verdadero,Verdadero,2026-02-24T13:37:00.000Z,ACTIVE
COR_PLZ_FC_S_S_F1,COR_PLZ_FC_S_S_M1,WALK,Verdadero,Verdadero,Verdadero,Verdadero,2026-02-24T13:37:00.000Z,ACTIVE
COR_PLZ_FC_S_S_M2,COR_PLZ_FC_S_S_M1,WALK,Verdadero,Verdadero,Verdadero,Verdadero,2026-02-24T13:37:00.000Z,ACTIVE
COR_PLZ_FC_S_S_M2,COR_PLZ_FC_S_S_M3,WALK,Verdadero,Verdadero,Verdadero,Verdadero,2026-02-24T13:37:00.000Z,ACTIVE
COR_PLZ_FC_S_W_F1,COR_PLZ_FC_N_S_F1,WALK,Verdadero,Verdadero,Verdadero,Verdadero,2026-02-24T13:36:00.000Z,ACTIVE
COR_PLZ_FC_S_W_F1,COR_PLZ_FC_S_W_M3,WALK,Verdadero,Verdadero,Verdadero,Verdadero,2026-02-24T13:36:00.000Z,ACTIVE
COR_PLZ_FC_S_W_M1,COR_PLZ_FC_S_S_F1,WALK,Verdadero,Verdadero,Verdadero,Verdadero,2026-02-24T13:37:00.000Z,ACTIVE
COR_PLZ_FC_S_W_M2,COR_PLZ_FC_S_W_M1,WALK,Verdadero,Verdadero,Verdadero,Verdadero,2026-02-24T13:36:00.000Z,ACTIVE
COR_PLZ_FC_S_W_M3,COR_PLZ_FC_S_W_M2,WALK,Verdadero,Verdadero,Verdadero,Verdadero,2026-02-24T13:36:00.000Z,ACTIVE
COR_PLZ_MAIN_E_F0,COR_PLZ_MAIN_S_M3,WALK,Verdadero,Verdadero,Verdadero,Verdadero,2026-02-25T21:24:19.306Z,ACTIVE
COR_PLZ_MAIN_E_F0,COR_PLZ_MAIN_W_M3,WALK,Verdadero,Verdadero,Verdadero,Verdadero,2026-02-25T21:23:24.068Z,ACTIVE
COR_PLZ_MAIN_E_M1,COR_PLZ_CROSS_WE_W_F0,WALK,Verdadero,Verdadero,Verdadero,Verdadero,2026-02-25T21:21:05.097Z,ACTIVE
COR_PLZ_MAIN_E_M1,COR_PLZ_MAIN_E_M2,WALK,Verdadero,Verdadero,Verdadero,Verdadero,2026-02-25T21:21:18.375Z,ACTIVE
COR_PLZ_MAIN_E_M1,ESC_C_FC_F0,WALK,Verdadero,Verdadero,Verdadero,Verdadero,2026-02-25T21:29:01.914Z,ACTIVE
COR_PLZ_MAIN_E_M2,COR_MAIN_W1_E,WALK,Verdadero,Verdadero,Verdadero,Verdadero,2026-02-25T21:21:22.396Z,ACTIVE
COR_PLZ_MAIN_E_M2,COR_PLZ_MAIN_E_M3,WALK,Verdadero,Verdadero,Verdadero,Verdadero,2026-02-25T21:21:30.596Z,ACTIVE
COR_PLZ_MAIN_E_M2,NODE_DOOR_BIJOUBRIGITTE,WALK,Verdadero,Verdadero,Verdadero,Verdadero,2026-02-27T19:59:37Z,ACTIVE
COR_PLZ_MAIN_N_F0,COR_MAIN_E_S,WALK,Verdadero,Verdadero,Verdadero,Verdadero,2026-02-25T21:22:28.685Z,ACTIVE
COR_PLZ_MAIN_N_F0,COR_PLZ_CROSS_NS_N_F0,WALK,Verdadero,Verdadero,Verdadero,Verdadero,2026-02-25T21:22:34.927Z,ACTIVE
COR_PLZ_MAIN_N_M1,COR_PLZ_MAIN_N_M2,WALK,Verdadero,Verdadero,Verdadero,Verdadero,2026-02-25T21:29:32.999Z,ACTIVE
COR_PLZ_MAIN_N_M1,NODE_DOOR_STRADIVARIUS,WALK,Verdadero,Verdadero,Verdadero,Verdadero,2026-02-27T20:02:39Z,ACTIVE
COR_PLZ_MAIN_N_M2,COR_PLZ_STAGE_N_F0,WALK,Verdadero,Verdadero,Verdadero,Verdadero,2026-02-25T21:30:32.902Z,ACTIVE
COR_PLZ_MAIN_N_M3,COR_PLZ_MAIN_N_F0,WALK,Verdadero,Verdadero,Verdadero,Verdadero,2026-02-25T21:30:16.783Z,ACTIVE
COR_PLZ_MAIN_N_M3,COR_PLZ_MAIN_N_M2,WALK,Verdadero,Verdadero,Verdadero,Verdadero,2026-02-25T21:30:09.294Z,ACTIVE
COR_PLZ_MAIN_N_M3,COR_PLZ_STAGE_N_F0,WALK,Verdadero,Verdadero,Verdadero,Verdadero,2026-02-25T21:30:28.474Z,ACTIVE
COR_PLZ_MAIN_N_M3,SEATING_MAIN_F0,WALK,Verdadero,Verdadero,Verdadero,Verdadero,2026-02-25T21:30:22.684Z,ACTIVE
COR_PLZ_MAIN_S_F0,COR_PLZ_MAIN_E_M3,WALK,Verdadero,Verdadero,Verdadero,Verdadero,2026-02-25T21:21:37.233Z,ACTIVE
COR_PLZ_MAIN_S_F0,COR_PLZ_MAIN_S_M1,WALK,Verdadero,Verdadero,Verdadero,Verdadero,2026-02-25T21:24:56.482Z,ACTIVE
COR_PLZ_MAIN_S_M2,COR_PLZ_MAIN_S_M1,WALK,Verdadero,Verdadero,Verdadero,Verdadero,2026-02-25T21:27:26.717Z,ACTIVE
COR_PLZ_MAIN_S_M2,COR_PLZ_MAIN_S_M3,WALK,Verdadero,Verdadero,Verdadero,Verdadero,2026-02-25T21:27:19.948Z,ACTIVE
COR_PLZ_MAIN_S_M2,ESC_C_F0,WALK,Verdadero,Verdadero,Verdadero,Verdadero,2026-02-25T21:27:37.677Z,ACTIVE
COR_PLZ_MAIN_W_F0,COR_MAIN_N_S,WALK,Verdadero,Verdadero,Verdadero,Verdadero,2026-02-25T21:20:46.515Z,ACTIVE
COR_PLZ_MAIN_W_F0,COR_PLZ_MAIN_E_M1,WALK,Verdadero,Verdadero,Verdadero,Verdadero,2026-02-25T21:20:55.552Z,ACTIVE
COR_PLZ_MAIN_W_F0,COR_PLZ_MAIN_N_M1,WALK,Verdadero,Verdadero,Verdadero,Verdadero,2026-02-25T21:29:26.845Z,ACTIVE
COR_PLZ_MAIN_W_F0,COR_PLZ_STAGE_W_F0,WALK,Verdadero,Verdadero,Verdadero,Verdadero,2026-02-25T21:29:18.186Z,ACTIVE
COR_PLZ_MAIN_W_F0,INFO_MAIN_F0,WALK,Verdadero,Verdadero,Verdadero,Verdadero,2026-02-25T21:14:18.999Z,ACTIVE
COR_PLZ_MAIN_W_F0,NODE_DOOR_FIRST_AID_F0,WALK,Verdadero,Verdadero,Verdadero,Verdadero,2026-02-25T21:14:18.999Z,ACTIVE
COR_PLZ_MAIN_W_M1,COR_PLZ_MAIN_N_F0,WALK,Verdadero,Verdadero,Verdadero,Verdadero,2026-02-25T21:23:49.007Z,ACTIVE
COR_PLZ_MAIN_W_M2,COR_PLZ_MAIN_W_M1,WALK,Verdadero,Verdadero,Verdadero,Verdadero,2026-02-25T21:23:38.223Z,ACTIVE
COR_PLZ_MAIN_W_M3,COR_PLZ_MAIN_W_M2,WALK,Verdadero,Verdadero,Verdadero,Verdadero,2026-02-25T21:23:28.231Z,ACTIVE
COR_PLZ_N_E_F0,COR_MAIN_N1_N,WALK,Verdadero,Verdadero,Verdadero,Verdadero,2026-02-25T21:15:12.271Z,ACTIVE
COR_PLZ_N_E_F0,COR_PLZ_N_S_F0,WALK,Verdadero,Verdadero,Verdadero,Verdadero,2026-02-25T21:13:22.098Z,ACTIVE
COR_PLZ_N_N_F0,ATM1_F0,WALK,Verdadero,Verdadero,Verdadero,Verdadero,2026-02-25T21:14:32.359Z,ACTIVE
COR_PLZ_N_N_F0,COR_PLZ_N_E_F0,WALK,Verdadero,Verdadero,Verdadero,Verdadero,2026-02-25T21:13:41.647Z,ACTIVE
COR_PLZ_N_N_F0,COR_PLZ_N_W_F0,WALK,Verdadero,Verdadero,Verdadero,Verdadero,2026-02-25T21:13:57.559Z,ACTIVE
COR_PLZ_N_N_F0,ELV_N_F0,WALK,Verdadero,Verdadero,Verdadero,Verdadero,2026-02-25T21:14:35.078Z,ACTIVE
COR_PLZ_N_N_F0,ESC_N_F0,WALK,Verdadero,Verdadero,Verdadero,Verdadero,2026-02-25T21:14:24.403Z,ACTIVE
COR_PLZ_N_N_F0,SEATING_PLAY_KIDS_N_F0,WALK,Verdadero,Verdadero,Verdadero,Verdadero,2026-02-25T21:14:14.284Z,ACTIVE
COR_PLZ_N_N_F0,STR_N_EXIT_F0,WALK,Verdadero,Verdadero,Verdadero,Verdadero,2026-02-25T21:14:28.290Z,ACTIVE
COR_PLZ_N_S_F0,ATM5_F0,WALK,Verdadero,Verdadero,Verdadero,Verdadero,2026-02-25T21:15:07.672Z,ACTIVE
COR_PLZ_N_S_F0,STR_N_F0,WALK,Verdadero,Verdadero,Verdadero,Verdadero,2026-02-25T21:15:05.324Z,ACTIVE
COR_PLZ_N_W_F0,COR_PLZ_N_S_F0,WALK,Verdadero,Verdadero,Verdadero,Verdadero,2026-02-25T21:14:02.162Z,ACTIVE
COR_PLZ_N_W_F0,NODE_DOOR_WC_N_F0,,,,,,,
COR_PLZ_N_W_F0,RAMP1_F0,WALK,Verdadero,Verdadero,Verdadero,Verdadero,2026-02-25T21:14:51.227Z,ACTIVE
COR_PLZ_S_E_F0,COR_PLZ_S_S_F0,WALK,Verdadero,Verdadero,Verdadero,Verdadero,2026-02-25T21:06:38.370Z,ACTIVE
COR_PLZ_S_E_F0,STR_W_F0,WALK,Verdadero,Verdadero,Verdadero,Verdadero,2026-02-25T21:07:05.220Z,ACTIVE
COR_PLZ_S_N_F0,COR_MAIN_W1_W,WALK,Verdadero,Verdadero,Verdadero,Verdadero,2026-02-25T21:06:33.606Z,ACTIVE
COR_PLZ_S_N_F0,COR_PLZ_S_W_F0,WALK,Verdadero,Verdadero,Verdadero,Verdadero,2026-02-25T21:06:31.360Z,ACTIVE
COR_PLZ_S_S_F0,ATM6_F0,WALK,Verdadero,Verdadero,Verdadero,Verdadero,2026-02-25T21:06:55.188Z,ACTIVE
COR_PLZ_S_S_F0,NODE_DOOR_WC_S_F0,WALK,Verdadero,Verdadero,Verdadero,Verdadero,2026-02-25T21:14:18.999Z,ACTIVE
COR_PLZ_STAGE_E_F0,COR_PLZ_STAGE_S_F0,WALK,Verdadero,Verdadero,Verdadero,Verdadero,2026-02-25T21:32:18.466Z,ACTIVE
COR_PLZ_STAGE_N_F0,COR_PLZ_STAGE_E_F0,WALK,Verdadero,Verdadero,Verdadero,Verdadero,2026-02-25T21:32:32.843Z,ACTIVE
COR_PLZ_STAGE_N_F0,COR_PLZ_STAGE_W_F0,WALK,Verdadero,Verdadero,Verdadero,Verdadero,2026-02-25T21:32:01.741Z,ACTIVE
COR_PLZ_STAGE_S_F0,COR_PLZ_STAGE_W_F0,WALK,Verdadero,Verdadero,Verdadero,Verdadero,2026-02-25T21:32:12.770Z,ACTIVE
COR_PLZ_W_E_F0,COR_MAIN_N_N,WALK,Verdadero,Verdadero,Verdadero,Verdadero,2026-02-25T21:17:23.629Z,ACTIVE
COR_PLZ_W_E_F0,COR_PLZ_W_N_F0,WALK,Verdadero,Verdadero,Verdadero,Verdadero,2026-02-25T21:17:19.305Z,ACTIVE
COR_PLZ_W_S_F0,COR_PLZ_W_E_F0,WALK,Verdadero,Verdadero,Verdadero,Verdadero,2026-02-25T21:17:17.764Z,ACTIVE
COR_PLZ_W_S_F0,COR_PLZ_W_W_F0,WALK,Verdadero,Verdadero,Verdadero,Verdadero,2026-02-25T21:16:56.993Z,ACTIVE
COR_PLZ_W_S_F0,RAMP_F0,WALK,Verdadero,Verdadero,Verdadero,Verdadero,2026-02-25T21:16:48.127Z,ACTIVE
COR_PLZ_W_W_F0,COR_PLZ_W_N_F0,WALK,Verdadero,Verdadero,Verdadero,Verdadero,2026-02-25T21:17:04.094Z,ACTIVE
ELV_C_B1,ELV_C_F0,VERTICAL,Verdadero,Falso,Falso,Falso,2026-02-25T13:50:00.000Z,ACTIVE
ELV_C_B1,ELV_C_F1,VERTICAL,Verdadero,Falso,Falso,Falso,2026-02-25T13:50:00.000Z,ACTIVE
ELV_C_B1,PARK_RING_E_M1,WALK,Verdadero,Verdadero,Verdadero,Verdadero,2026-03-03T22:07:34Z,ACTIVE
ELV_C_F0,COR_PLZ_MAIN_S_M1,WALK,Verdadero,Verdadero,Verdadero,Verdadero,2026-02-25T21:27:32.036Z,ACTIVE
ELV_C_F0,ELV_C_F1,VERTICAL,Verdadero,Falso,Falso,Falso,2026-02-25T13:50:00.000Z,ACTIVE
ELV_C_F1,COR_PLZ_FC_S_S_M1,WALK,Verdadero,Verdadero,Verdadero,Verdadero,2026-02-24T13:37:00.000Z,ACTIVE
ELV_N_F0,ELV_N_F1,VERTICAL,Verdadero,Falso,Falso,Falso,2026-02-25T13:50:00.000Z,ACTIVE
ELV_W_B1,ELV_W_F0,VERTICAL,Verdadero,Falso,Falso,Falso,2026-02-25T13:50:00.000Z,ACTIVE
ELV_W_B1,PARK_RING_S_M2,WALK,Verdadero,Verdadero,Verdadero,Verdadero,2026-03-03T22:08:06Z,ACTIVE
ELV_W1_B1,ELV_W1_F0,VERTICAL,Verdadero,Falso,Falso,Falso,2026-02-25T13:50:00.000Z,ACTIVE
ELV_W1_B1,PARK_GREEN_LEROY_B1,WALK,Verdadero,Verdadero,Verdadero,Verdadero,2026-02-24T08:49:00.000Z,ACTIVE
ELV_W1_B1,PARK_RING_SW_B1,WALK,Verdadero,Verdadero,Verdadero,Verdadero,2026-03-03T22:08:09Z,ACTIVE
ENT_E_MAIN,COR_MAIN_E2_N,WALK,Verdadero,Verdadero,Verdadero,Verdadero,2026-02-25T21:09:23.555Z,ACTIVE
ENT_E_MAIN,NODE_EXT_E_ENTRANCE,WALK,Verdadero,Verdadero,Verdadero,Verdadero,2026-02-25T13:46:00.000Z,ACTIVE
ENT_N_MAIN,ELV_N_F1,WALK,Verdadero,Verdadero,Verdadero,Verdadero,2026-02-24T13:33:00.000Z,ACTIVE
ENT_N_MAIN,NODE_EXT_N_ENTRANCE,WALK,Verdadero,Verdadero,Verdadero,Verdadero,2026-02-24T13:31:00.000Z,ACTIVE
ENT_PARKING_1,PARK_RING_SE_B1,WALK,Verdadero,Verdadero,Verdadero,Verdadero,2026-03-03T22:07:55Z,ACTIVE
ENT_PARKING_2,PARK_GREEN_LEROY_B1,WALK,Verdadero,Verdadero,Verdadero,Verdadero,2026-02-24T14:22:00.000Z,ACTIVE
ENT_PARKING_3,PARK_RED_ALCAMPO_B1,WALK,Verdadero,Verdadero,Verdadero,Verdadero,2026-02-24T14:39:00.000Z,ACTIVE
ENT_PARKING_4,PARK_PURPLE_FRONT_B1,WALK,Verdadero,Verdadero,Verdadero,Verdadero,2026-02-24T14:22:00.000Z,ACTIVE
ENT_S_MAIN,ELV_C_B1,WALK,Verdadero,Verdadero,Verdadero,Verdadero,2026-03-04T16:42:06Z,ACTIVE
ENT_S_MAIN,ESC_C_B1,WALK,Verdadero,Verdadero,Verdadero,Verdadero,2026-02-24T08:55:00.000Z,ACTIVE
ENT_S_MAIN,STR_C_MAIN_B1,WALK,Verdadero,Verdadero,Verdadero,Verdadero,2026-02-24T08:55:00.000Z,ACTIVE
ENT_W_MAIN,COR_MAIN_W_W,WALK,Verdadero,Verdadero,Verdadero,Verdadero,2026-02-25T21:05:20.038Z,ACTIVE
ESC_C_B1,ESC_C_F0,VERTICAL,Verdadero,Falso,Falso,Falso,2026-02-25T13:50:00.000Z,ACTIVE
ESC_C_B1,PARK_RING_E_M1,WALK,Verdadero,Verdadero,Verdadero,Verdadero,2026-03-03T22:07:28Z,ACTIVE
ESC_C_FC_F0,ESC_C_FC_F1,VERTICAL,Verdadero,Falso,Falso,Falso,2026-02-25T13:50:00.000Z,ACTIVE
ESC_C_FC_F1,COR_PLZ_FC_N_S_F1,WALK,Verdadero,Verdadero,Verdadero,Verdadero,2026-02-24T13:35:00.000Z,ACTIVE
ESC_E_B1,ESC_E_F0,VERTICAL,Verdadero,Falso,Falso,Falso,2026-02-25T13:50:00.000Z,ACTIVE
ESC_E_B1,PARK_PURPLE_FRONT_B1,WALK,Verdadero,Verdadero,Verdadero,Verdadero,2026-02-24T08:46:00.000Z,ACTIVE
ESC_E_B1,PARK_RING_N_M2,WALK,Verdadero,Verdadero,Verdadero,Verdadero,2026-03-03T22:08:20Z,ACTIVE
ESC_N_F0,ESC_N_F1,VERTICAL,Verdadero,Falso,Falso,Falso,2026-02-25T13:50:00.000Z,ACTIVE
ESC_N_F1,ENT_N_MAIN,WALK,Verdadero,Verdadero,Verdadero,Verdadero,2026-02-24T13:32:00.000Z,ACTIVE
ESC_W_B1,ESC_W_F0,VERTICAL,Verdadero,Falso,Falso,Falso,2026-02-25T13:50:00.000Z,ACTIVE
ESC_W_B1,PARK_BLUE_DECATHLON_B1,WALK,Verdadero,Verdadero,Verdadero,Verdadero,2026-02-24T08:54:00.000Z,ACTIVE
ESC_W_B1,PARK_RING_S_M2,WALK,Verdadero,Verdadero,Verdadero,Verdadero,2026-03-03T22:06:44Z,ACTIVE
EV_CHARGING_2_B1,PARK_RED_ALCAMPO_B1,WALK,Verdadero,Verdadero,Verdadero,Verdadero,2026-02-24T08:53:00.000Z,ACTIVE
EV_CHARGING_2_B1,PARK_RING_W_M1,WALK,Verdadero,Verdadero,Verdadero,Verdadero,2026-03-03T22:07:03Z,ACTIVE
EV_CHARGING_2_B1,RAMP_B1,WALK,Verdadero,Verdadero,Verdadero,Verdadero,2026-02-24T08:51:00.000Z,ACTIVE
LOCKER_AMAZON_B1,NODE_DOOR_LOCKER_AMAZON_B1,WALK,Verdadero,Verdadero,Verdadero,Verdadero,2026-02-25T21:14:18.999Z,ACTIVE
LOCKER_CORREOS_B1,NODE_DOOR_LOCKER_CORREOS_B1,WALK,Verdadero,Verdadero,Verdadero,Verdadero,2026-02-25T21:14:18.999Z,ACTIVE
NODE_DOOR_100_MONTADITOS,STORE_100_MONTADITOS,WALK,Verdadero,Verdadero,Verdadero,Verdadero,2026-02-25T13:50:00.000Z,ACTIVE
NODE_DOOR_ADIDASORIGINALS,COR_PLZ_MAIN_W_M3,WALK,Verdadero,Verdadero,Verdadero,Verdadero,2026-02-27T20:00:16Z,ACTIVE
NODE_DOOR_ADIDASORIGINALS,STORE_ADIDASORIGINALS,WALK,Verdadero,Verdadero,Verdadero,Verdadero,2026-02-25T13:50:00.000Z,ACTIVE
NODE_DOOR_ALCAMPO_N,COR_COVERED_M1,WALK,Verdadero,Verdadero,Verdadero,Verdadero,2026-02-27T20:05:44Z,ACTIVE
NODE_DOOR_ALCAMPO_N,STORE_ALCAMPO_N,WALK,Verdadero,Verdadero,Verdadero,Verdadero,2026-02-25T13:50:00.000Z,ACTIVE
NODE_DOOR_ALCAMPO_S,COR_COVERED_M2,WALK,Verdadero,Verdadero,Verdadero,Verdadero,2026-02-27T20:05:19Z,ACTIVE
NODE_DOOR_ALCAMPO_S,STORE_ALCAMPO_S,WALK,Verdadero,Verdadero,Verdadero,Verdadero,2026-02-25T13:50:00.000Z,ACTIVE
NODE_DOOR_ALEHOP,COR_MAIN_E1_M3,WALK,Verdadero,Verdadero,Verdadero,Verdadero,2026-02-27T20:07:58Z,ACTIVE
NODE_DOOR_ALEHOP,STORE_ALEHOP,WALK,Verdadero,Verdadero,Verdadero,Verdadero,2026-02-25T13:50:00.000Z,ACTIVE
NODE_DOOR_ALEJOR,STORE_ALEJOR,WALK,Verdadero,Verdadero,Verdadero,Verdadero,2026-02-25T13:50:00.000Z,ACTIVE
NODE_DOOR_AVATEL,COR_COVERED_M6,WALK,Verdadero,Verdadero,Verdadero,Verdadero,2026-02-27T20:03:59Z,ACTIVE
NODE_DOOR_AVATEL,STORE_AVATEL,WALK,Verdadero,Verdadero,Verdadero,Verdadero,2026-02-25T13:50:00.000Z,ACTIVE
NODE_DOOR_BANKCAJARURAL,COR_MAIN_W_W,WALK,Verdadero,Verdadero,Verdadero,Verdadero,2026-02-26T21:25:25.275Z,ACTIVE
NODE_DOOR_BANKCAJARURAL,STORE_BANKCAJARURAL,WALK,Verdadero,Verdadero,Verdadero,Verdadero,2026-02-25T13:50:00.000Z,ACTIVE
NODE_DOOR_BELROS,COR_COVERED_M1,WALK,Verdadero,Verdadero,Verdadero,Verdadero,2026-02-27T20:05:49Z,ACTIVE
NODE_DOOR_BELROS,STORE_BELROS,WALK,Verdadero,Verdadero,Verdadero,Verdadero,2026-02-25T13:50:00.000Z,ACTIVE
NODE_DOOR_BENETTON,COR_MAIN_E_M4,WALK,Verdadero,Verdadero,Verdadero,Verdadero,2026-02-27T20:09:26Z,ACTIVE
NODE_DOOR_BENETTON,STORE_BENETTON,WALK,Verdadero,Verdadero,Verdadero,Verdadero,2026-02-25T13:50:00.000Z,ACTIVE
NODE_DOOR_BERSHKA,COR_MAIN_N_S,WALK,Verdadero,Verdadero,Verdadero,Verdadero,2026-02-27T20:02:18Z,ACTIVE
NODE_DOOR_BERSHKA,STORE_BERSHKA,WALK,Verdadero,Verdadero,Verdadero,Verdadero,2026-02-25T13:50:00.000Z,ACTIVE
NODE_DOOR_BIGGERBETTERBURGER,COR_PLZ_FC_S_S_F1,WALK,Verdadero,Verdadero,Verdadero,Verdadero,2026-02-27T19:55:47Z,ACTIVE
NODE_DOOR_BIGGERBETTERBURGER,STORE_BIGGERBETTERBURGER,WALK,Verdadero,Verdadero,Verdadero,Verdadero,2026-02-25T13:50:00.000Z,ACTIVE
NODE_DOOR_BIJOUBRIGITTE,STORE_BIJOUBRIGITTE,WALK,Verdadero,Verdadero,Verdadero,Verdadero,2026-02-25T13:50:00.000Z,ACTIVE
NODE_DOOR_BLACK,COR_PLZ_E_W_F0,WALK,Verdadero,Verdadero,Verdadero,Verdadero,2026-02-27T20:08:33Z,ACTIVE
NODE_DOOR_BLACK,STORE_BLACK,WALK,Verdadero,Verdadero,Verdadero,Verdadero,2026-02-25T13:50:00.000Z,ACTIVE
NODE_DOOR_BOMBONBOSS,COR_PLZ_N_E_F0,WALK,Verdadero,Verdadero,Verdadero,Verdadero,2026-02-27T20:07:41Z,ACTIVE
NODE_DOOR_BOMBONBOSS,STORE_BOMBONBOSS,WALK,Verdadero,Verdadero,Verdadero,Verdadero,2026-02-25T13:50:00.000Z,ACTIVE
NODE_DOOR_BOSTON,COR_MAIN_N1_M3,WALK,Verdadero,Verdadero,Verdadero,Verdadero,2026-02-27T20:05:28Z,ACTIVE
NODE_DOOR_BOSTON,STORE_BOSTON,WALK,Verdadero,Verdadero,Verdadero,Verdadero,2026-02-25T13:50:00.000Z,ACTIVE
NODE_DOOR_BOTTICELLI,COR_MAIN_W1_W,WALK,Verdadero,Verdadero,Verdadero,Verdadero,2026-02-27T19:57:33Z,ACTIVE
NODE_DOOR_BOTTICELLI,STORE_BOTTICELLI,WALK,Verdadero,Verdadero,Verdadero,Verdadero,2026-02-25T13:50:00.000Z,ACTIVE
NODE_DOOR_BOWLING,COR_PLZ_MAIN_S_F0,WALK,Verdadero,Verdadero,Verdadero,Verdadero,2026-02-27T19:59:22Z,ACTIVE
NODE_DOOR_BOWLING,STORE_BOWLING,WALK,Verdadero,Verdadero,Verdadero,Verdadero,2026-02-25T13:50:00.000Z,ACTIVE
NODE_DOOR_CA,COR_MAIN_N1_M2,WALK,Verdadero,Verdadero,Verdadero,Verdadero,2026-02-27T20:05:02Z,ACTIVE
NODE_DOOR_CA,STORE_CA,WALK,Verdadero,Verdadero,Verdadero,Verdadero,2026-02-25T13:50:00.000Z,ACTIVE
NODE_DOOR_CAFEOLE,COR_PLZ_MAIN_W_M2,WALK,Verdadero,Verdadero,Verdadero,Verdadero,2026-02-27T20:00:21Z,ACTIVE
NODE_DOOR_CAFEOLE,STORE_CAFEOLE,WALK,Verdadero,Verdadero,Verdadero,Verdadero,2026-02-25T13:50:00.000Z,ACTIVE
NODE_DOOR_CAFETERIAEXPRE3SS,COR_COVERED_S,WALK,Verdadero,Verdadero,Verdadero,Verdadero,2026-02-27T20:03:42Z,ACTIVE
NODE_DOOR_CAFETERIAEXPRE3SS,COR_PLZ_W_S_F0,WALK,Verdadero,Verdadero,Verdadero,Verdadero,2026-02-27T20:03:37Z,ACTIVE
NODE_DOOR_CAFETERIAEXPRE3SS,STORE_CAFETERIAEXPRE3SS,WALK,Verdadero,Verdadero,Verdadero,Verdadero,2026-02-25T13:50:00.000Z,ACTIVE
NODE_DOOR_CALZEDONIA,STORE_CALZEDONIA,WALK,Verdadero,Verdadero,Verdadero,Verdadero,2026-02-25T13:50:00.000Z,ACTIVE
NODE_DOOR_CASINO,COR_EXT_E_M7,WALK,Verdadero,Verdadero,Verdadero,Verdadero,2026-02-27T21:50:15Z,ACTIVE
NODE_DOOR_CASINO,STORE_CASINO,WALK,Verdadero,Verdadero,Verdadero,Verdadero,2026-02-25T13:50:00.000Z,ACTIVE
NODE_DOOR_CHE,STORE_CHE,WALK,Verdadero,Verdadero,Verdadero,Verdadero,2026-02-25T13:50:00.000Z,ACTIVE
NODE_DOOR_CLAIRES,COR_MAIN_N_N,WALK,Verdadero,Verdadero,Verdadero,Verdadero,2026-02-27T20:02:58Z,ACTIVE
NODE_DOOR_CLAIRES,STORE_CLAIRES,WALK,Verdadero,Verdadero,Verdadero,Verdadero,2026-02-25T13:50:00.000Z,ACTIVE
NODE_DOOR_CONFORMA,STORE_CONFORMA,WALK,Verdadero,Verdadero,Verdadero,Verdadero,2026-02-25T13:50:00.000Z,ACTIVE
NODE_DOOR_CONFORMA_2,STORE_CONFORMA_2,WALK,Verdadero,Verdadero,Verdadero,Verdadero,2026-02-25T13:50:00.000Z,ACTIVE
NODE_DOOR_CORTEFIEL,COR_MAIN_E1_M1,WALK,Verdadero,Verdadero,Verdadero,Verdadero,2026-02-27T20:08:16Z,ACTIVE
NODE_DOOR_CORTEFIEL,STORE_CORTEFIEL,WALK,Verdadero,Verdadero,Verdadero,Verdadero,2026-02-25T13:50:00.000Z,ACTIVE
NODE_DOOR_COSTABLANCAWOHNUNGEN,COR_COVERED_M6,WALK,Verdadero,Verdadero,Verdadero,Verdadero,2026-02-27T20:04:03Z,ACTIVE
NODE_DOOR_COSTABLANCAWOHNUNGEN,STORE_COSTABLANCAWOHNUNGEN,WALK,Verdadero,Verdadero,Verdadero,Verdadero,2026-02-25T13:50:00.000Z,ACTIVE
NODE_DOOR_DAFAVOLA,COR_COVERED_M3,WALK,Verdadero,Verdadero,Verdadero,Verdadero,2026-02-27T20:05:06Z,ACTIVE
NODE_DOOR_DAFAVOLA,STORE_DAFAVOLA,WALK,Verdadero,Verdadero,Verdadero,Verdadero,2026-02-25T13:50:00.000Z,ACTIVE
NODE_DOOR_DECATHLON,COR_EXT_W_S,WALK,Verdadero,Verdadero,Verdadero,Verdadero,2026-02-26T21:24:19.241Z,ACTIVE
NODE_DOOR_DECATHLON,STORE_DECATHLON,WALK,Verdadero,Verdadero,Verdadero,Verdadero,2026-02-25T13:50:00.000Z,ACTIVE
NODE_DOOR_DECIMAS,COR_MAIN_E2_N,WALK,Verdadero,Verdadero,Verdadero,Verdadero,2026-02-27T20:08:42Z,ACTIVE
NODE_DOOR_DECIMAS,STORE_DECIMAS,WALK,Verdadero,Verdadero,Verdadero,Verdadero,2026-02-25T13:50:00.000Z,ACTIVE
NODE_DOOR_DEICHMANN,COR_PLZ_W_S_F0,WALK,Verdadero,Verdadero,Verdadero,Verdadero,2026-02-27T20:03:02Z,ACTIVE
NODE_DOOR_DEICHMANN,STORE_DEICHMANN,WALK,Verdadero,Verdadero,Verdadero,Verdadero,2026-02-25T13:50:00.000Z,ACTIVE
NODE_DOOR_DESIGUAL,COR_MAIN_E1_M1,WALK,Verdadero,Verdadero,Verdadero,Verdadero,2026-02-27T20:08:19Z,ACTIVE
NODE_DOOR_DESIGUAL,STORE_DESIGUAL,WALK,Verdadero,Verdadero,Verdadero,Verdadero,2026-02-25T13:50:00.000Z,ACTIVE
NODE_DOOR_DONDINO,STORE_DONDINO,WALK,Verdadero,Verdadero,Verdadero,Verdadero,2026-02-25T13:50:00.000Z,ACTIVE
NODE_DOOR_DRUNI,COR_MAIN_E1_S,WALK,Verdadero,Verdadero,Verdadero,Verdadero,2026-02-27T20:08:25Z,ACTIVE
NODE_DOOR_DRUNI,STORE_DRUNI,WALK,Verdadero,Verdadero,Verdadero,Verdadero,2026-02-25T13:50:00.000Z,ACTIVE
NODE_DOOR_ELKIOSKO,COR_PLZ_FC_N_N_M2,WALK,Verdadero,Verdadero,Verdadero,Verdadero,2026-02-27T21:51:54Z,ACTIVE
NODE_DOOR_ELKIOSKO,STORE_ELKIOSKO,WALK,Verdadero,Verdadero,Verdadero,Verdadero,2026-02-25T13:50:00.000Z,ACTIVE
NODE_DOOR_ENCUENTRO,COR_PLZ_E_W_F0,WALK,Verdadero,Verdadero,Verdadero,Verdadero,2026-02-27T20:09:05Z,ACTIVE
NODE_DOOR_ENCUENTRO,STORE_ENCUENTRO,WALK,Verdadero,Verdadero,Verdadero,Verdadero,2026-02-25T13:50:00.000Z,ACTIVE
NODE_DOOR_FASHIONNAILS,COR_COVERED_M5,WALK,Verdadero,Verdadero,Verdadero,Verdadero,2026-02-27T20:04:07Z,ACTIVE
NODE_DOOR_FASHIONNAILS,STORE_FASHIONNAILS,WALK,Verdadero,Verdadero,Verdadero,Verdadero,2026-02-25T13:50:00.000Z,ACTIVE
NODE_DOOR_FIRST_AID_F0,FIRST_AID_F0,WALK,Verdadero,Verdadero,Verdadero,Verdadero,2026-02-25T21:14:18.999Z,ACTIVE
NODE_DOOR_FLYINGTIGER,COR_MAIN_E1_M1,WALK,Verdadero,Verdadero,Verdadero,Verdadero,2026-02-27T20:08:17Z,ACTIVE
NODE_DOOR_FLYINGTIGER,STORE_FLYINGTIGER,WALK,Verdadero,Verdadero,Verdadero,Verdadero,2026-02-25T13:50:00.000Z,ACTIVE
NODE_DOOR_FOSTERS,COR_PLZ_FC_S_W_M3,WALK,Verdadero,Verdadero,Verdadero,Verdadero,2026-02-27T19:55:39Z,ACTIVE
NODE_DOOR_FOSTERS,STORE_FOSTERS,WALK,Verdadero,Verdadero,Verdadero,Verdadero,2026-02-25T13:50:00.000Z,ACTIVE
NODE_DOOR_GAME,COR_MAIN_N1_M1,WALK,Verdadero,Verdadero,Verdadero,Verdadero,2026-02-27T20:04:49Z,ACTIVE
NODE_DOOR_GAME,STORE_GAME,WALK,Verdadero,Verdadero,Verdadero,Verdadero,2026-02-25T13:50:00.000Z,ACTIVE
NODE_DOOR_GELATERIA,COR_PLZ_MAIN_W_M2,WALK,Verdadero,Verdadero,Verdadero,Verdadero,2026-02-27T20:00:26Z,ACTIVE
NODE_DOOR_GELATERIA,STORE_GELATERIA,WALK,Verdadero,Verdadero,Verdadero,Verdadero,2026-02-25T13:50:00.000Z,ACTIVE
NODE_DOOR_GEOX,COR_MAIN_W_M2,WALK,Verdadero,Verdadero,Verdadero,Verdadero,2026-02-27T19:57:10Z,ACTIVE
NODE_DOOR_GEOX,STORE_GEOX,WALK,Verdadero,Verdadero,Verdadero,Verdadero,2026-02-25T13:50:00.000Z,ACTIVE
NODE_DOOR_GOLDRUSH,COR_COVERED_M2,WALK,Verdadero,Verdadero,Verdadero,Verdadero,2026-02-27T20:05:22Z,ACTIVE
NODE_DOOR_GOLDRUSH,STORE_GOLDRUSH,WALK,Verdadero,Verdadero,Verdadero,Verdadero,2026-02-25T13:50:00.000Z,ACTIVE
NODE_DOOR_GOURMETCAFE,COR_PLZ_S_S_F0,WALK,Verdadero,Verdadero,Verdadero,Verdadero,2026-02-27T19:57:21Z,ACTIVE
NODE_DOOR_GOURMETCAFE,STORE_GOURMETCAFE,WALK,Verdadero,Verdadero,Verdadero,Verdadero,2026-02-25T13:50:00.000Z,ACTIVE
NODE_DOOR_GRABA2,COR_MAIN_W1_M1,WALK,Verdadero,Verdadero,Verdadero,Verdadero,2026-02-27T19:57:48Z,ACTIVE
NODE_DOOR_GRABA2,STORE_GRABA2,WALK,Verdadero,Verdadero,Verdadero,Verdadero,2026-02-25T13:50:00.000Z,ACTIVE
NODE_DOOR_GREENWICH,COR_MAIN_E1_M4,WALK,Verdadero,Verdadero,Verdadero,Verdadero,2026-02-27T20:07:53Z,ACTIVE
NODE_DOOR_GREENWICH,STORE_GREENWICH,WALK,Verdadero,Verdadero,Verdadero,Verdadero,2026-02-25T13:50:00.000Z,ACTIVE
NODE_DOOR_GUESS_N,STORE_GUESS_N,WALK,Verdadero,Verdadero,Verdadero,Verdadero,2026-02-25T13:50:00.000Z,ACTIVE
NODE_DOOR_GUESS_S,COR_MAIN_W1_M1,WALK,Verdadero,Verdadero,Verdadero,Verdadero,2026-02-27T19:57:51Z,ACTIVE
NODE_DOOR_GUESS_S,STORE_GUESS_S,WALK,Verdadero,Verdadero,Verdadero,Verdadero,2026-02-25T13:50:00.000Z,ACTIVE
NODE_DOOR_GUESS_SS,COR_MAIN_W_M1,WALK,Verdadero,Verdadero,Verdadero,Verdadero,2026-02-27T19:57:06Z,ACTIVE
NODE_DOOR_GUESS_SS,STORE_GUESS_SS,WALK,Verdadero,Verdadero,Verdadero,Verdadero,2026-02-25T13:50:00.000Z,ACTIVE
NODE_DOOR_HAAGEN_DASZ,STORE_HAAGEN_DASZ,WALK,Verdadero,Verdadero,Verdadero,Verdadero,2026-02-25T13:50:00.000Z,ACTIVE
NODE_DOOR_HM_E,COR_MAIN_E_M3,WALK,Verdadero,Verdadero,Verdadero,Verdadero,2026-02-27T21:40:38Z,ACTIVE
NODE_DOOR_HM_E,STORE_HM_E,WALK,Verdadero,Verdadero,Verdadero,Verdadero,2026-02-25T13:50:00.000Z,ACTIVE
NODE_DOOR_HM_W,COR_MAIN_N1_M1,WALK,Verdadero,Verdadero,Verdadero,Verdadero,2026-02-27T21:39:58Z,ACTIVE
NODE_DOOR_HM_W,STORE_HM_W,WALK,Verdadero,Verdadero,Verdadero,Verdadero,2026-02-25T13:50:00.000Z,ACTIVE
NODE_DOOR_ICECREAM,COR_MAIN_W1_M2,WALK,Verdadero,Verdadero,Verdadero,Verdadero,2026-02-27T19:58:39Z,ACTIVE
NODE_DOOR_ICECREAM,STORE_ICECREAM,WALK,Verdadero,Verdadero,Verdadero,Verdadero,2026-02-25T13:50:00.000Z,ACTIVE
NODE_DOOR_IKEA,COR_MAIN_N1_N,WALK,Verdadero,Verdadero,Verdadero,Verdadero,2026-02-27T20:05:56Z,ACTIVE
NODE_DOOR_IKEA,STORE_IKEA,WALK,Verdadero,Verdadero,Verdadero,Verdadero,2026-02-25T13:50:00.000Z,ACTIVE
NODE_DOOR_INFINITYLOVE,STORE_INFINITYLOVE,WALK,Verdadero,Verdadero,Verdadero,Verdadero,2026-02-25T13:50:00.000Z,ACTIVE
NODE_DOOR_INSIDE,COR_PLZ_W_E_F0,WALK,Verdadero,Verdadero,Verdadero,Verdadero,2026-02-27T20:03:00Z,ACTIVE
NODE_DOOR_INSIDE,STORE_INSIDE,WALK,Verdadero,Verdadero,Verdadero,Verdadero,2026-02-25T13:50:00.000Z,ACTIVE
NODE_DOOR_IPANEMA,COR_PLZ_N_W_F0,WALK,Verdadero,Verdadero,Verdadero,Verdadero,2026-02-27T21:49:27Z,ACTIVE
NODE_DOOR_IPANEMA,STORE_IPANEMA,WALK,Verdadero,Verdadero,Verdadero,Verdadero,2026-02-25T13:50:00.000Z,ACTIVE
NODE_DOOR_JIJONENCA,COR_MAIN_W1_M2,WALK,Verdadero,Verdadero,Verdadero,Verdadero,2026-02-27T19:58:05Z,ACTIVE
NODE_DOOR_JIJONENCA,STORE_JIJONENCA,WALK,Verdadero,Verdadero,Verdadero,Verdadero,2026-02-25T13:50:00.000Z,ACTIVE
NODE_DOOR_KEBABEXPRESS,COR_PLZ_FC_S_W_M1,WALK,Verdadero,Verdadero,Verdadero,Verdadero,2026-02-27T19:55:45Z,ACTIVE
NODE_DOOR_KEBABEXPRESS,STORE_KEBABEXPRESS,WALK,Verdadero,Verdadero,Verdadero,Verdadero,2026-02-25T13:50:00.000Z,ACTIVE
NODE_DOOR_KIKOMILANO,COR_MAIN_E_M3,WALK,Verdadero,Verdadero,Verdadero,Verdadero,2026-02-27T20:09:31Z,ACTIVE
NODE_DOOR_KIKOMILANO,STORE_KIKOMILANO,WALK,Verdadero,Verdadero,Verdadero,Verdadero,2026-02-25T13:50:00.000Z,ACTIVE
NODE_DOOR_KOALABAY,COR_MAIN_E1_M4,WALK,Verdadero,Verdadero,Verdadero,Verdadero,2026-02-27T20:07:51Z,ACTIVE
NODE_DOOR_KOALABAY,STORE_KOALABAY,WALK,Verdadero,Verdadero,Verdadero,Verdadero,2026-02-25T13:50:00.000Z,ACTIVE
NODE_DOOR_LA_TAGLIATELLA,COR_PLZ_FC_S_E_F1,WALK,Verdadero,Verdadero,Verdadero,Verdadero,2026-02-27T19:56:09Z,ACTIVE
NODE_DOOR_LA_TAGLIATELLA,STORE_LA_TAGLIATELLA,WALK,Verdadero,Verdadero,Verdadero,Verdadero,2026-02-25T13:50:00.000Z,ACTIVE
NODE_DOOR_LASERESTETIC,STORE_LASERESTETIC,WALK,Verdadero,Verdadero,Verdadero,Verdadero,2026-02-25T13:50:00.000Z,ACTIVE
NODE_DOOR_LEFTIES,COR_MAIN_N_M3,WALK,Verdadero,Verdadero,Verdadero,Verdadero,2026-02-27T20:02:55Z,ACTIVE
NODE_DOOR_LEFTIES,STORE_LEFTIES,WALK,Verdadero,Verdadero,Verdadero,Verdadero,2026-02-25T13:50:00.000Z,ACTIVE
NODE_DOOR_LEROY_MERLIN,COR_EXT_W_M2,WALK,Verdadero,Verdadero,Verdadero,Verdadero,2026-02-26T21:24:48.150Z,ACTIVE
NODE_DOOR_LEROY_MERLIN,STORE_LEROY_MERLIN,WALK,Verdadero,Verdadero,Verdadero,Verdadero,2026-02-25T13:50:00.000Z,ACTIVE
NODE_DOOR_LEROYMERLIN_PICKUP,COR_EXT_W_N,WALK,Verdadero,Verdadero,Verdadero,Verdadero,2026-02-26T21:25:09.689Z,ACTIVE
NODE_DOOR_LEROYMERLIN_PICKUP,STORE_LEROYMERLIN_PICKUP,WALK,Verdadero,Verdadero,Verdadero,Verdadero,2026-02-25T13:50:00.000Z,ACTIVE
NODE_DOOR_LEVIS,COR_MAIN_N1_N,WALK,Verdadero,Verdadero,Verdadero,Verdadero,2026-02-27T21:41:07Z,ACTIVE
NODE_DOOR_LEVIS,STORE_LEVIS,WALK,Verdadero,Verdadero,Verdadero,Verdadero,2026-02-25T13:50:00.000Z,ACTIVE
NODE_DOOR_LIONOFPORCHES,COR_PLZ_S_N_F0,WALK,Verdadero,Verdadero,Verdadero,Verdadero,2026-02-27T19:57:39Z,ACTIVE
NODE_DOOR_LIONOFPORCHES,STORE_LIONOFPORCHES,WALK,Verdadero,Verdadero,Verdadero,Verdadero,2026-02-25T13:50:00.000Z,ACTIVE
NODE_DOOR_LIZARRAN,STORE_LIZARRAN,WALK,Verdadero,Verdadero,Verdadero,Verdadero,2026-02-25T13:50:00.000Z,ACTIVE
NODE_DOOR_LOCKER_AMAZON_B1,RAMP_B1,WALK,Verdadero,Verdadero,Verdadero,Verdadero,2026-02-25T21:14:18.999Z,ACTIVE
NODE_DOOR_LOCKER_CORREOS_B1,RAMP_B1,WALK,Verdadero,Verdadero,Verdadero,Verdadero,2026-02-25T21:14:18.999Z,ACTIVE
NODE_DOOR_LOTERIA,COR_COVERED_M5,WALK,Verdadero,Verdadero,Verdadero,Verdadero,2026-02-27T20:04:04Z,ACTIVE
NODE_DOOR_LOTERIA,STORE_LOTERIA,WALK,Verdadero,Verdadero,Verdadero,Verdadero,2026-02-25T13:50:00.000Z,ACTIVE
NODE_DOOR_LOWCOST,STORE_LOWCOST,WALK,Verdadero,Verdadero,Verdadero,Verdadero,2026-02-25T13:50:00.000Z,ACTIVE
NODE_DOOR_LUXENTER,COR_MAIN_N_M4,WALK,Verdadero,Verdadero,Verdadero,Verdadero,2026-02-27T20:02:57Z,ACTIVE
NODE_DOOR_LUXENTER,STORE_LUXENTER,WALK,Verdadero,Verdadero,Verdadero,Verdadero,2026-02-25T13:50:00.000Z,ACTIVE
NODE_DOOR_LUXURYFOOD,COR_MAIN_W1_E,WALK,Verdadero,Verdadero,Verdadero,Verdadero,2026-02-27T19:59:09Z,ACTIVE
NODE_DOOR_LUXURYFOOD,STORE_LUXURYFOOD,WALK,Verdadero,Verdadero,Verdadero,Verdadero,2026-02-25T13:50:00.000Z,ACTIVE
NODE_DOOR_MANGO,COR_PLZ_E_W_F0,WALK,Verdadero,Verdadero,Verdadero,Verdadero,2026-02-27T20:08:35Z,ACTIVE
NODE_DOOR_MANGO,STORE_MANGO,WALK,Verdadero,Verdadero,Verdadero,Verdadero,2026-02-25T13:50:00.000Z,ACTIVE
NODE_DOOR_MARVIMUNDO,COR_MAIN_N1_M3,WALK,Verdadero,Verdadero,Verdadero,Verdadero,2026-02-27T20:05:11Z,ACTIVE
NODE_DOOR_MARVIMUNDO,STORE_MARVIMUNDO,WALK,Verdadero,Verdadero,Verdadero,Verdadero,2026-02-25T13:50:00.000Z,ACTIVE
NODE_DOOR_MASSIMODUTTI_N,STORE_MASSIMODUTTI_N,WALK,Verdadero,Verdadero,Verdadero,Verdadero,2026-02-25T13:50:00.000Z,ACTIVE
NODE_DOOR_MASSIMODUTTI_S,STORE_MASSIMODUTTI_S,WALK,Verdadero,Verdadero,Verdadero,Verdadero,2026-02-25T13:50:00.000Z,ACTIVE
NODE_DOOR_MAXCOLCHON,COR_MAIN_W_M1,WALK,Verdadero,Verdadero,Verdadero,Verdadero,2026-02-27T21:00:29Z,ACTIVE
NODE_DOOR_MAXCOLCHON,STORE_MAXCOLCHON,WALK,Verdadero,Verdadero,Verdadero,Verdadero,2026-02-25T13:50:00.000Z,ACTIVE
NODE_DOOR_MAXIMA,COR_MAIN_E1_M3,WALK,Verdadero,Verdadero,Verdadero,Verdadero,2026-02-27T20:07:54Z,ACTIVE
NODE_DOOR_MAXIMA,STORE_MAXIMA,WALK,Verdadero,Verdadero,Verdadero,Verdadero,2026-02-25T13:50:00.000Z,ACTIVE
NODE_DOOR_MAYKA_N,COR_MAIN_E1_M2,WALK,Verdadero,Verdadero,Verdadero,Verdadero,2026-02-27T20:08:11Z,ACTIVE
NODE_DOOR_MAYKA_N,STORE_MAYKA_N,WALK,Verdadero,Verdadero,Verdadero,Verdadero,2026-02-25T13:50:00.000Z,ACTIVE
NODE_DOOR_MAYKA_S,COR_MAIN_N_S,WALK,Verdadero,Verdadero,Verdadero,Verdadero,2026-02-27T20:02:14Z,ACTIVE
NODE_DOOR_MAYKA_S,STORE_MAYKA_S,WALK,Verdadero,Verdadero,Verdadero,Verdadero,2026-02-25T13:50:00.000Z,ACTIVE
NODE_DOOR_ME,COR_MAIN_N1_M1,WALK,Verdadero,Verdadero,Verdadero,Verdadero,2026-02-27T20:04:45Z,ACTIVE
NODE_DOOR_ME,STORE_ME,WALK,Verdadero,Verdadero,Verdadero,Verdadero,2026-02-25T13:50:00.000Z,ACTIVE
NODE_DOOR_MEDIAMARKT,COR_PLZ_MAIN_W_M3,WALK,Verdadero,Verdadero,Verdadero,Verdadero,2026-02-27T20:00:14Z,ACTIVE
NODE_DOOR_MEDIAMARKT,STORE_MEDIAMARKT,WALK,Verdadero,Verdadero,Verdadero,Verdadero,2026-02-25T13:50:00.000Z,ACTIVE
NODE_DOOR_MISAKO,COR_MAIN_E2_N,WALK,Verdadero,Verdadero,Verdadero,Verdadero,2026-02-27T20:08:40Z,ACTIVE
NODE_DOOR_MISAKO,STORE_MISAKO,WALK,Verdadero,Verdadero,Verdadero,Verdadero,2026-02-25T13:50:00.000Z,ACTIVE
NODE_DOOR_MISTERMINT,STORE_MISTERMINT,WALK,Verdadero,Verdadero,Verdadero,Verdadero,2026-02-25T13:50:00.000Z,ACTIVE
NODE_DOOR_MR_PEOPLE,COR_MAIN_W1_M2,WALK,Verdadero,Verdadero,Verdadero,Verdadero,2026-02-27T19:58:54Z,ACTIVE
NODE_DOOR_MR_PEOPLE,STORE_MR_PEOPLE,WALK,Verdadero,Verdadero,Verdadero,Verdadero,2026-02-25T13:50:00.000Z,ACTIVE
NODE_DOOR_MUERDELAPASTA,COR_PLZ_FC_S_W_F1,WALK,Verdadero,Verdadero,Verdadero,Verdadero,2026-02-27T21:52:48Z,ACTIVE
NODE_DOOR_MUERDELAPASTA,STORE_MUERDELAPASTA,WALK,Verdadero,Verdadero,Verdadero,Verdadero,2026-02-25T13:50:00.000Z,ACTIVE
NODE_DOOR_MYTAPA,STORE_MYTAPA,WALK,Verdadero,Verdadero,Verdadero,Verdadero,2026-02-25T13:50:00.000Z,ACTIVE
NODE_DOOR_NAILS,COR_COVERED_M2,WALK,Verdadero,Verdadero,Verdadero,Verdadero,2026-02-27T20:05:23Z,ACTIVE
NODE_DOOR_NAILS,STORE_NAILS,WALK,Verdadero,Verdadero,Verdadero,Verdadero,2026-02-25T13:50:00.000Z,ACTIVE
NODE_DOOR_NATURAGIFTSHOP,COR_PLZ_MAIN_S_M3,WALK,Verdadero,Verdadero,Verdadero,Verdadero,2026-02-27T20:00:03Z,ACTIVE
NODE_DOOR_NATURAGIFTSHOP,STORE_NATURAGIFTSHOP,WALK,Verdadero,Verdadero,Verdadero,Verdadero,2026-02-25T13:50:00.000Z,ACTIVE
NODE_DOOR_NORAUTO,COR_EXT_E_M4,WALK,Verdadero,Verdadero,Verdadero,Verdadero,2026-02-27T21:50:11Z,ACTIVE
NODE_DOOR_NORAUTO,STORE_NORAUTO,WALK,Verdadero,Verdadero,Verdadero,Verdadero,2026-02-25T13:50:00.000Z,ACTIVE
NODE_DOOR_OYSHO,COR_PLZ_MAIN_W_M1,WALK,Verdadero,Verdadero,Verdadero,Verdadero,2026-02-27T20:00:28Z,ACTIVE
NODE_DOOR_OYSHO,STORE_OYSHO,WALK,Verdadero,Verdadero,Verdadero,Verdadero,2026-02-25T13:50:00.000Z,ACTIVE
NODE_DOOR_PACOMARTINEZ,COR_MAIN_W1_E,WALK,Verdadero,Verdadero,Verdadero,Verdadero,2026-02-27T19:59:04Z,ACTIVE
NODE_DOOR_PACOMARTINEZ,STORE_PACOMARTINEZ,WALK,Verdadero,Verdadero,Verdadero,Verdadero,2026-02-25T13:50:00.000Z,ACTIVE
NODE_DOOR_PALPELO_E,COR_MAIN_N1_N,WALK,Verdadero,Verdadero,Verdadero,Verdadero,2026-02-27T20:06:00Z,ACTIVE
NODE_DOOR_PALPELO_E,STORE_PALPELO_E,WALK,Verdadero,Verdadero,Verdadero,Verdadero,2026-02-25T13:50:00.000Z,ACTIVE
NODE_DOOR_PALPELO_W,COR_COVERED_M1,WALK,Verdadero,Verdadero,Verdadero,Verdadero,2026-02-27T20:05:26Z,ACTIVE
NODE_DOOR_PALPELO_W,STORE_PALPELO_W,WALK,Verdadero,Verdadero,Verdadero,Verdadero,2026-02-25T13:50:00.000Z,ACTIVE
NODE_DOOR_PANDORA,COR_MAIN_W1_E,WALK,Verdadero,Verdadero,Verdadero,Verdadero,2026-02-27T19:59:08Z,ACTIVE
NODE_DOOR_PANDORA,STORE_PANDORA,WALK,Verdadero,Verdadero,Verdadero,Verdadero,2026-02-25T13:50:00.000Z,ACTIVE
NODE_DOOR_PARFOIS,COR_MAIN_E1_M2,WALK,Verdadero,Verdadero,Verdadero,Verdadero,2026-02-27T20:08:07Z,ACTIVE
NODE_DOOR_PARFOIS,STORE_PARFOIS,WALK,Verdadero,Verdadero,Verdadero,Verdadero,2026-02-25T13:50:00.000Z,ACTIVE
NODE_DOOR_PASGAR,COR_PLZ_MAIN_N_F0,WALK,Verdadero,Verdadero,Verdadero,Verdadero,2026-02-27T20:00:55Z,ACTIVE
NODE_DOOR_PASGAR,STORE_PASGAR,WALK,Verdadero,Verdadero,Verdadero,Verdadero,2026-02-25T13:50:00.000Z,ACTIVE
NODE_DOOR_PEPEJEANS,COR_MAIN_W_E,WALK,Verdadero,Verdadero,Verdadero,Verdadero,2026-02-27T19:57:12Z,ACTIVE
NODE_DOOR_PEPEJEANS,STORE_PEPEJEANS,WALK,Verdadero,Verdadero,Verdadero,Verdadero,2026-02-25T13:50:00.000Z,ACTIVE
NODE_DOOR_PEWTER,STORE_PEWTER,WALK,Verdadero,Verdadero,Verdadero,Verdadero,2026-02-25T13:50:00.000Z,ACTIVE
NODE_DOOR_PHARMACY,COR_MAIN_W_W,WALK,Verdadero,Verdadero,Verdadero,Verdadero,2026-02-26T21:25:39.183Z,ACTIVE
NODE_DOOR_PHARMACY,STORE_PHARMACY,WALK,Verdadero,Verdadero,Verdadero,Verdadero,2026-02-25T13:50:00.000Z,ACTIVE
NODE_DOOR_POLINESIA,COR_MAIN_E1_M1,WALK,Verdadero,Verdadero,Verdadero,Verdadero,2026-02-27T20:08:14Z,ACTIVE
NODE_DOOR_POLINESIA,STORE_POLINESIA,WALK,Verdadero,Verdadero,Verdadero,Verdadero,2026-02-25T13:50:00.000Z,ACTIVE
NODE_DOOR_POPEYES,COR_PLZ_FC_S_E_M3,WALK,Verdadero,Verdadero,Verdadero,Verdadero,2026-02-27T19:55:37Z,ACTIVE
NODE_DOOR_POPEYES,STORE_POPEYES,WALK,Verdadero,Verdadero,Verdadero,Verdadero,2026-02-25T13:50:00.000Z,ACTIVE
NODE_DOOR_PRIMARK,COR_PLZ_N_W_F0,WALK,Verdadero,Verdadero,Verdadero,Verdadero,2026-02-27T20:06:39Z,ACTIVE
NODE_DOOR_PRIMARK,STORE_PRIMARK,WALK,Verdadero,Verdadero,Verdadero,Verdadero,2026-02-25T13:50:00.000Z,ACTIVE
NODE_DOOR_PRIMICHI,COR_MAIN_E1_M3,WALK,Verdadero,Verdadero,Verdadero,Verdadero,2026-02-27T20:07:56Z,ACTIVE
NODE_DOOR_PRIMICHI,STORE_PRIMICHI,WALK,Verdadero,Verdadero,Verdadero,Verdadero,2026-02-25T13:50:00.000Z,ACTIVE
NODE_DOOR_PRIMOR,COR_PLZ_N_N_F0,WALK,Verdadero,Verdadero,Verdadero,Verdadero,2026-02-27T20:07:23Z,ACTIVE
NODE_DOOR_PRIMOR,STORE_PRIMOR,WALK,Verdadero,Verdadero,Verdadero,Verdadero,2026-02-25T13:50:00.000Z,ACTIVE
NODE_DOOR_PULLBEAR,COR_PLZ_MAIN_E_M1,WALK,Verdadero,Verdadero,Verdadero,Verdadero,2026-02-27T20:01:14Z,ACTIVE
NODE_DOOR_PULLBEAR,STORE_PULLBEAR,WALK,Verdadero,Verdadero,Verdadero,Verdadero,2026-02-25T13:50:00.000Z,ACTIVE
NODE_DOOR_PUNTROMA,COR_PLZ_W_E_F0,WALK,Verdadero,Verdadero,Verdadero,Verdadero,2026-02-27T20:04:12Z,ACTIVE
NODE_DOOR_PUNTROMA,STORE_PUNTROMA,WALK,Verdadero,Verdadero,Verdadero,Verdadero,2026-02-25T13:50:00.000Z,ACTIVE
NODE_DOOR_RESTAURANTCASACARMEN,STORE_RESTAURANTCASACARMEN,WALK,Verdadero,Verdadero,Verdadero,Verdadero,2026-02-25T13:50:00.000Z,ACTIVE
NODE_DOOR_RITUALS,COR_PLZ_N_E_F0,WALK,Verdadero,Verdadero,Verdadero,Verdadero,2026-02-27T20:06:28Z,ACTIVE
NODE_DOOR_RITUALS,STORE_RITUALS,WALK,Verdadero,Verdadero,Verdadero,Verdadero,2026-02-25T13:50:00.000Z,ACTIVE
NODE_DOOR_ROBERTOMARTIN,COR_MAIN_N1_M2,WALK,Verdadero,Verdadero,Verdadero,Verdadero,2026-02-27T20:05:04Z,ACTIVE
NODE_DOOR_ROBERTOMARTIN,STORE_ROBERTOMARTIN,WALK,Verdadero,Verdadero,Verdadero,Verdadero,2026-02-25T13:50:00.000Z,ACTIVE
NODE_DOOR_RXS,COR_MAIN_N1_M1,WALK,Verdadero,Verdadero,Verdadero,Verdadero,2026-02-27T20:04:53Z,ACTIVE
NODE_DOOR_RXS,STORE_RXS,WALK,Verdadero,Verdadero,Verdadero,Verdadero,2026-02-25T13:50:00.000Z,ACTIVE
NODE_DOOR_SANTOSOCHOA,COR_MAIN_E_N,WALK,Verdadero,Verdadero,Verdadero,Verdadero,2026-02-27T20:08:44Z,ACTIVE
NODE_DOOR_SANTOSOCHOA,STORE_SANTOSOCHOA,WALK,Verdadero,Verdadero,Verdadero,Verdadero,2026-02-25T13:50:00.000Z,ACTIVE
NODE_DOOR_SAXO,COR_MAIN_W1_M2,WALK,Verdadero,Verdadero,Verdadero,Verdadero,2026-02-27T19:58:23Z,ACTIVE
NODE_DOOR_SAXO,STORE_SAXO,WALK,Verdadero,Verdadero,Verdadero,Verdadero,2026-02-25T13:50:00.000Z,ACTIVE
NODE_DOOR_SCOTTA,COR_MAIN_W1_M1,WALK,Verdadero,Verdadero,Verdadero,Verdadero,2026-02-27T19:57:53Z,ACTIVE
NODE_DOOR_SCOTTA,STORE_SCOTTA,WALK,Verdadero,Verdadero,Verdadero,Verdadero,2026-02-25T13:50:00.000Z,ACTIVE
NODE_DOOR_SMOOY,COR_COVERED_M4,WALK,Verdadero,Verdadero,Verdadero,Verdadero,2026-02-27T20:05:00Z,ACTIVE
NODE_DOOR_SMOOY,COR_MAIN_N1_M2,WALK,Verdadero,Verdadero,Verdadero,Verdadero,2026-02-27T20:04:58Z,ACTIVE
NODE_DOOR_SMOOY,STORE_SMOOY,WALK,Verdadero,Verdadero,Verdadero,Verdadero,2026-02-25T13:50:00.000Z,ACTIVE
NODE_DOOR_SOLOOPTICAL_E,COR_MAIN_N1_S,WALK,Verdadero,Verdadero,Verdadero,Verdadero,2026-02-27T20:04:24Z,ACTIVE
NODE_DOOR_SOLOOPTICAL_E,STORE_SOLOOPTICAL_E,WALK,Verdadero,Verdadero,Verdadero,Verdadero,2026-02-25T13:50:00.000Z,ACTIVE
NODE_DOOR_SOLOOPTICAL_W,COR_COVERED_S,WALK,Verdadero,Verdadero,Verdadero,Verdadero,2026-02-27T20:03:57Z,ACTIVE
NODE_DOOR_SOLOOPTICAL_W,COR_PLZ_W_W_F0,WALK,Verdadero,Verdadero,Verdadero,Verdadero,2026-02-27T20:03:51Z,ACTIVE
NODE_DOOR_SOLOOPTICAL_W,STORE_SOLOOPTICAL_W,WALK,Verdadero,Verdadero,Verdadero,Verdadero,2026-02-25T13:50:00.000Z,ACTIVE
NODE_DOOR_SPRINGFIELD,COR_MAIN_N_M1,WALK,Verdadero,Verdadero,Verdadero,Verdadero,2026-02-27T20:02:50Z,ACTIVE
NODE_DOOR_SPRINGFIELD,STORE_SPRINGFIELD,WALK,Verdadero,Verdadero,Verdadero,Verdadero,2026-02-25T13:50:00.000Z,ACTIVE
NODE_DOOR_STARBUCKS,COR_MAIN_E1_M2,WALK,Verdadero,Verdadero,Verdadero,Verdadero,2026-02-27T20:08:03Z,ACTIVE
NODE_DOOR_STARBUCKS,STORE_STARBUCKS,WALK,Verdadero,Verdadero,Verdadero,Verdadero,2026-02-25T13:50:00.000Z,ACTIVE
NODE_DOOR_STRADIVARIUS,STORE_STRADIVARIUS,WALK,Verdadero,Verdadero,Verdadero,Verdadero,2026-02-25T13:50:00.000Z,ACTIVE
NODE_DOOR_SUPERDRY,COR_MAIN_E1_S,WALK,Verdadero,Verdadero,Verdadero,Verdadero,2026-02-27T20:08:28Z,ACTIVE
NODE_DOOR_SUPERDRY,STORE_SUPERDRY,WALK,Verdadero,Verdadero,Verdadero,Verdadero,2026-02-25T13:50:00.000Z,ACTIVE
NODE_DOOR_SWAROVSKI,COR_MAIN_W1_E,WALK,Verdadero,Verdadero,Verdadero,Verdadero,2026-02-27T19:59:10Z,ACTIVE
NODE_DOOR_SWAROVSKI,STORE_SWAROVSKI,WALK,Verdadero,Verdadero,Verdadero,Verdadero,2026-02-25T13:50:00.000Z,ACTIVE
NODE_DOOR_TACOBELL,STORE_TACOBELL,WALK,Verdadero,Verdadero,Verdadero,Verdadero,2026-02-25T13:50:00.000Z,ACTIVE
NODE_DOOR_TEASHOP,COR_MAIN_W1_M2,WALK,Verdadero,Verdadero,Verdadero,Verdadero,2026-02-27T19:58:09Z,ACTIVE
NODE_DOOR_TEASHOP,STORE_TEASHOP,WALK,Verdadero,Verdadero,Verdadero,Verdadero,2026-02-25T13:50:00.000Z,ACTIVE
NODE_DOOR_TERRASSA,COR_PLZ_MAIN_E_M3,WALK,Verdadero,Verdadero,Verdadero,Verdadero,2026-02-27T19:59:25Z,ACTIVE
NODE_DOOR_TERRASSA,STORE_TERRASSA,WALK,Verdadero,Verdadero,Verdadero,Verdadero,2026-02-25T13:50:00.000Z,ACTIVE
NODE_DOOR_THEBODYSHOP,COR_MAIN_W1_M1,WALK,Verdadero,Verdadero,Verdadero,Verdadero,2026-02-27T19:57:56Z,ACTIVE
NODE_DOOR_THEBODYSHOP,STORE_THEBODYSHOP,WALK,Verdadero,Verdadero,Verdadero,Verdadero,2026-02-25T13:50:00.000Z,ACTIVE
NODE_DOOR_THEFITZGERALD,COR_PLZ_FC_N_N_F1,WALK,Verdadero,Verdadero,Verdadero,Verdadero,2026-02-27T21:52:18Z,ACTIVE
NODE_DOOR_THEFITZGERALD,STORE_THEFITZGERALD,WALK,Verdadero,Verdadero,Verdadero,Verdadero,2026-02-25T13:50:00.000Z,ACTIVE
NODE_DOOR_THENORTHFACE,COR_MAIN_E1_M2,WALK,Verdadero,Verdadero,Verdadero,Verdadero,2026-02-27T20:08:10Z,ACTIVE
NODE_DOOR_THENORTHFACE,STORE_THENORTHFACE,WALK,Verdadero,Verdadero,Verdadero,Verdadero,2026-02-25T13:50:00.000Z,ACTIVE
NODE_DOOR_TIENDANIMAL,STORE_TIENDANIMAL,WALK,Verdadero,Verdadero,Verdadero,Verdadero,2026-02-25T13:50:00.000Z,ACTIVE
NODE_DOOR_TIMEROAD,STORE_TIMEROAD,WALK,Verdadero,Verdadero,Verdadero,Verdadero,2026-02-25T13:50:00.000Z,ACTIVE
NODE_DOOR_TOUS,COR_PLZ_S_E_F0,WALK,Verdadero,Verdadero,Verdadero,Verdadero,2026-02-27T19:57:28Z,ACTIVE
NODE_DOOR_TOUS,STORE_TOUS,WALK,Verdadero,Verdadero,Verdadero,Verdadero,2026-02-25T13:50:00.000Z,ACTIVE
NODE_DOOR_TRAMAS,COR_MAIN_N1_S,WALK,Verdadero,Verdadero,Verdadero,Verdadero,2026-02-27T21:39:35Z,ACTIVE
NODE_DOOR_TRAMAS,STORE_TRAMAS,WALK,Verdadero,Verdadero,Verdadero,Verdadero,2026-02-25T13:50:00.000Z,ACTIVE
NODE_DOOR_ULANKA,COR_MAIN_N1_M1,WALK,Verdadero,Verdadero,Verdadero,Verdadero,2026-02-27T21:39:40Z,ACTIVE
NODE_DOOR_ULANKA,STORE_ULANKA,WALK,Verdadero,Verdadero,Verdadero,Verdadero,2026-02-25T13:50:00.000Z,ACTIVE
NODE_DOOR_UNKNOWN_MAYKA_FLYING,COR_MAIN_E1_M2,WALK,Verdadero,Verdadero,Verdadero,Verdadero,2026-02-27T20:08:05Z,ACTIVE
NODE_DOOR_UNKNOWN_MAYKA_FLYING,STORE_UNKNOWN_MAYKA_FLYING,WALK,Verdadero,Verdadero,Verdadero,Verdadero,2026-02-25T13:50:00.000Z,ACTIVE
NODE_DOOR_UNKNOWN_SUNGLASSES_SMOOY,COR_MAIN_N1_M3,WALK,Verdadero,Verdadero,Verdadero,Verdadero,2026-02-27T20:05:13Z,ACTIVE
NODE_DOOR_UNKNOWN_SUNGLASSES_SMOOY,STORE_UNKNOWN_SUNGLASSES_SMOOY,WALK,Verdadero,Verdadero,Verdadero,Verdadero,2026-02-25T13:50:00.000Z,ACTIVE
NODE_DOOR_VANS,COR_MAIN_E1_S,WALK,Verdadero,Verdadero,Verdadero,Verdadero,2026-02-27T20:08:30Z,ACTIVE
NODE_DOOR_VANS,STORE_VANS,WALK,Verdadero,Verdadero,Verdadero,Verdadero,2026-02-25T13:50:00.000Z,ACTIVE
NODE_DOOR_WC_C_F0,COR_PLZ_MAIN_N_M3,WALK,Verdadero,Verdadero,Verdadero,Verdadero,2026-02-25T21:14:18.999Z,ACTIVE
NODE_DOOR_WOKCENTER,COR_PLZ_FC_S_N_F1,WALK,Verdadero,Verdadero,Verdadero,Verdadero,2026-02-27T19:55:35Z,ACTIVE
NODE_DOOR_WOKCENTER,STORE_WOKCENTER,WALK,Verdadero,Verdadero,Verdadero,Verdadero,2026-02-25T13:50:00.000Z,ACTIVE
NODE_DOOR_WOMENSECRET,COR_MAIN_N_M1,WALK,Verdadero,Verdadero,Verdadero,Verdadero,2026-02-27T20:02:46Z,ACTIVE
NODE_DOOR_WOMENSECRET,STORE_WOMENSECRET,WALK,Verdadero,Verdadero,Verdadero,Verdadero,2026-02-25T13:50:00.000Z,ACTIVE
NODE_DOOR_YVESROCHER,COR_MAIN_E1_S,WALK,Verdadero,Verdadero,Verdadero,Verdadero,2026-02-27T20:08:26Z,ACTIVE
NODE_DOOR_YVESROCHER,STORE_YVESROCHER,WALK,Verdadero,Verdadero,Verdadero,Verdadero,2026-02-25T13:50:00.000Z,ACTIVE
NODE_DOOR_ZARA,COR_MAIN_E_M2,WALK,Verdadero,Verdadero,Verdadero,Verdadero,2026-02-27T20:09:38Z,ACTIVE
NODE_DOOR_ZARA,STORE_ZARA,WALK,Verdadero,Verdadero,Verdadero,Verdadero,2026-02-25T13:50:00.000Z,ACTIVE
NODE_DOOR_ZARAHOME,COR_MAIN_E_S,WALK,Verdadero,Verdadero,Verdadero,Verdadero,2026-02-27T20:01:01Z,ACTIVE
NODE_DOOR_ZARAHOME,STORE_ZARAHOME,WALK,Verdadero,Verdadero,Verdadero,Verdadero,2026-02-25T13:50:00.000Z,ACTIVE
NODE_EXT_E_ENTRANCE,COR_EXT_E_M3,WALK,Verdadero,Verdadero,Verdadero,Verdadero,2026-02-25T21:09:17.009Z,ACTIVE
NODE_EXT_E_ENTRANCE,PARKING_LOT_E,WALK,Verdadero,Verdadero,Verdadero,Verdadero,2026-02-25T21:08:58.005Z,ACTIVE
NODE_EXT_MAIN_ENTRANCE,ENT_S_MAIN,WALK,Verdadero,Verdadero,Verdadero,Verdadero,2026-03-04T16:42:04Z,ACTIVE
NODE_EXT_N_ENTRANCE,COR_EXT_N_MAIN_M2,WALK,Verdadero,Verdadero,Verdadero,Verdadero,2026-02-24T13:31:00.000Z,ACTIVE
NODE_EXT_W_ENTRANCE,ENT_W_MAIN,WALK,Verdadero,Verdadero,Verdadero,Verdadero,2026-02-25T21:05:16.597Z,ACTIVE
NODE_STORE_ASTORIA,COR_MAIN_W_M1,WALK,Verdadero,Verdadero,Verdadero,Verdadero,2026-02-27T21:02:03Z,ACTIVE
NODE_STORE_ASTORIA,STORE_ASTORIA,WALK,Verdadero,Verdadero,Verdadero,Verdadero,2026-02-27T21:02:01Z,ACTIVE
PARK_BLUE_DECATHLON_B1,ELV_W_B1,WALK,Verdadero,Verdadero,Verdadero,Verdadero,2026-02-24T08:53:00.000Z,ACTIVE
PARK_BLUE_DECATHLON_B1,PARK_RING_SE_B1,WALK,Verdadero,Verdadero,Verdadero,Verdadero,2026-03-03T22:06:40Z,ACTIVE
PARK_PURPLE_FRONT_B1,PARK_RING_NE_B1,WALK,Verdadero,Verdadero,Verdadero,Verdadero,2026-03-03T22:06:52Z,ACTIVE
PARK_RED_ALCAMPO_B1,RAMP_B1,WALK,Verdadero,Verdadero,Verdadero,Verdadero,2026-03-03T19:06:20Z,ACTIVE
PARK_RING_E_M1,PARK_RING_E_M2,WALK,Verdadero,Verdadero,Verdadero,Verdadero,2026-03-03T21:55:38Z,ACTIVE
PARK_RING_E_M2,PARK_RING_SE_B1,WALK,Verdadero,Verdadero,Verdadero,Verdadero,2026-03-03T21:55:39Z,ACTIVE
PARK_RING_N_M2,PARK_RING_N_M1,WALK,Verdadero,Verdadero,Verdadero,Verdadero,2026-03-03T21:55:32Z,ACTIVE
PARK_RING_NE_B1,PARK_RING_E_M1,WALK,Verdadero,Verdadero,Verdadero,Verdadero,2026-03-03T21:55:37Z,ACTIVE
PARK_RING_NE_B1,PARK_RING_N_M2,WALK,Verdadero,Verdadero,Verdadero,Verdadero,2026-03-03T21:55:34Z,ACTIVE
PARK_RING_NW_B1,PARK_RING_N_M1,WALK,Verdadero,Verdadero,Verdadero,Verdadero,2026-03-03T21:55:29Z,ACTIVE
PARK_RING_NW_B1,PARK_RING_W_M1,WALK,Verdadero,Verdadero,Verdadero,Verdadero,2026-03-03T21:56:05Z,ACTIVE
PARK_RING_S_M1,PARK_RING_SW_B1,WALK,Verdadero,Verdadero,Verdadero,Verdadero,2026-03-03T21:55:59Z,ACTIVE
PARK_RING_S_M2,PARK_RING_S_M1,WALK,Verdadero,Verdadero,Verdadero,Verdadero,2026-03-03T21:55:57Z,ACTIVE
PARK_RING_SE_B1,PARK_RING_S_M2,WALK,Verdadero,Verdadero,Verdadero,Verdadero,2026-03-03T21:55:56Z,ACTIVE
PARK_RING_SW_B1,PARK_RING_W_M2,WALK,Verdadero,Verdadero,Verdadero,Verdadero,2026-03-03T21:56:00Z,ACTIVE
PARK_RING_W_M2,PARK_GREEN_LEROY_B1,WALK,Verdadero,Verdadero,Verdadero,Verdadero,2026-03-03T22:06:31Z,ACTIVE
PARK_RING_W_M2,PARK_RING_W_M1,WALK,Verdadero,Verdadero,Verdadero,Verdadero,2026-03-03T21:56:03Z,ACTIVE
PARKING_LOT_E,ENT_E_MAIN,WALK,Verdadero,Verdadero,Verdadero,Verdadero,2026-02-25T21:09:10.256Z,ACTIVE
PARKING_LOT_W,COR_EXT_W_M4,WALK,Verdadero,Verdadero,Verdadero,Verdadero,2026-02-25T21:05:07.467Z,ACTIVE
PARKING_LOT_W,EV_CHARGING_1_F0,WALK,Verdadero,Verdadero,Verdadero,Verdadero,2026-02-25T21:03:53.259Z,ACTIVE
PLAY_KIDS_N_F0,COR_PLZ_N_W_F0,WALK,Verdadero,Verdadero,Verdadero,Verdadero,2026-02-27T21:49:38Z,ACTIVE
PLAY_KIDS_N_F0,SEATING_PLAY_KIDS_N_F0,WALK,Verdadero,Verdadero,Verdadero,Verdadero,2026-02-25T21:11:12.698Z,ACTIVE
PLAY_KIDS_S_F0,COR_PLZ_CROSS_WE_W_M1,WALK,Verdadero,Verdadero,Verdadero,Verdadero,2026-02-25T21:28:26.825Z,ACTIVE
PLAY_KIDS_S_F0,SEATING_PLAY_KIDS_S_F0,WALK,Verdadero,Verdadero,Verdadero,Verdadero,2026-02-25T21:28:21.380Z,ACTIVE
PLAY_KIDS_S_F1,COR_PLZ_FC_N_S_M2,WALK,Verdadero,Verdadero,Verdadero,Verdadero,2026-02-24T13:35:00.000Z,ACTIVE
RAMP_B1,CAR_WASH_B1,WALK,Verdadero,Verdadero,Verdadero,Verdadero,2026-02-24T13:55:00.000Z,ACTIVE
RAMP_B1,PARK_RING_W_M1,WALK,Verdadero,Verdadero,Verdadero,Verdadero,2026-03-03T22:06:17Z,ACTIVE
RAMP_B1,RAMP_F0,VERTICAL,Verdadero,Falso,Falso,Falso,2026-02-25T13:50:00.000Z,ACTIVE
RAMP1_B1,PARK_RED_ALCAMPO_B1,WALK,Verdadero,Verdadero,Verdadero,Verdadero,2026-02-27T19:47:15Z,ACTIVE
RAMP1_B1,PARK_RING_NW_B1,WALK,Verdadero,Verdadero,Verdadero,Verdadero,2026-03-03T22:08:31Z,ACTIVE
RAMP1_B1,RAMP1_F0,VERTICAL,Verdadero,Falso,Falso,Falso,2026-02-25T13:50:00.000Z,ACTIVE
RAMP1_F0,COR_PLZ_N_N_F0,WALK,Verdadero,Verdadero,Verdadero,Verdadero,2026-02-25T21:14:48.933Z,ACTIVE
RAMP1_F0,PLAY_KIDS_N_F0,WALK,Verdadero,Verdadero,Verdadero,Verdadero,2026-02-27T21:49:52Z,ACTIVE
SEATING_PLAY_KIDS_S_F0,COR_PLZ_MAIN_E_M3,WALK,Verdadero,Verdadero,Verdadero,Verdadero,2026-02-25T21:28:41.027Z,ACTIVE
SEATING_PLAY_KIDS_S_F1,COR_PLZ_FC_N_S_M1,WALK,Verdadero,Verdadero,Verdadero,Verdadero,2026-02-24T13:36:00.000Z,ACTIVE
SEATING_PLAY_KIDS_S_F1,PLAY_KIDS_S_F1,WALK,Verdadero,Verdadero,Verdadero,Verdadero,2026-02-24T13:35:00.000Z,ACTIVE
SHORTCUT_HM_E_F0,SHORTCUT_HM_W_F0,WALK,Verdadero,Verdadero,Verdadero,Verdadero,2026-02-27T20:18:55Z,ACTIVE
STORE_ALCAMPO_N,COR_COVERED_M1,WALK,Verdadero,Verdadero,Verdadero,Verdadero,2026-02-27T20:05:54Z,ACTIVE
STR_C_F0,COR_PLZ_MAIN_E_M1,WALK,Verdadero,Verdadero,Verdadero,Verdadero,2026-02-25T21:28:54.643Z,ACTIVE
STR_C_F0,STR_C_F1,VERTICAL,Verdadero,Falso,Falso,Falso,2026-02-25T13:50:00.000Z,ACTIVE
STR_C_F1,COR_PLZ_FC_N_S_F1,WALK,Verdadero,Verdadero,Verdadero,Verdadero,2026-02-24T13:35:00.000Z,ACTIVE
STR_C_MAIN_B1,PARK_RING_E_M1,WALK,Verdadero,Verdadero,Verdadero,Verdadero,2026-03-03T22:07:30Z,ACTIVE
STR_C_MAIN_B1,STR_C_MAIN_F0,VERTICAL,Verdadero,Falso,Falso,Falso,2026-02-25T13:50:00.000Z,ACTIVE
STR_C_MAIN_F0,COR_PLZ_MAIN_S_M2,WALK,Verdadero,Verdadero,Verdadero,Verdadero,2026-02-25T21:26:47.897Z,ACTIVE
STR_C_MAIN_F0,ESC_C_F0,WALK,Verdadero,Verdadero,Verdadero,Verdadero,2026-02-25T21:25:07.215Z,ACTIVE
STR_C_MAIN_OUTSIDE_N_B1,ENT_S_MAIN,WALK,Verdadero,Verdadero,Verdadero,Verdadero,2026-02-24T08:55:00.000Z,ACTIVE
STR_C_MAIN_OUTSIDE_N_B1,PARK_RING_E_M1,WALK,Verdadero,Verdadero,Verdadero,Verdadero,2026-03-03T22:07:41Z,ACTIVE
STR_C_MAIN_OUTSIDE_N_B1,STR_C_MAIN_OUTSIDE_N_F0,VERTICAL,Verdadero,Falso,Falso,Falso,2026-02-25T13:50:00.000Z,ACTIVE
STR_C_MAIN_OUTSIDE_N_F0,COR_PLZ_MAIN_S_M2,WALK,Verdadero,Verdadero,Verdadero,Verdadero,2026-02-25T21:28:05.191Z,ACTIVE
STR_C_MAIN_OUTSIDE_S_B1,ENT_S_MAIN,WALK,Verdadero,Verdadero,Verdadero,Verdadero,2026-02-24T08:55:00.000Z,ACTIVE
STR_C_MAIN_OUTSIDE_S_B1,PARK_RING_E_M1,WALK,Verdadero,Verdadero,Verdadero,Verdadero,2026-03-03T22:07:39Z,ACTIVE
STR_C_MAIN_OUTSIDE_S_B1,STR_C_MAIN_OUTSIDE_S_F0,VERTICAL,Verdadero,Falso,Falso,Falso,2026-02-25T13:50:00.000Z,ACTIVE
STR_C_MAIN_OUTSIDE_S_F0,COR_PLZ_MAIN_S_M1,WALK,Verdadero,Verdadero,Verdadero,Verdadero,2026-02-25T21:27:52.294Z,ACTIVE
STR_N_B1,PARK_RED_ALCAMPO_B1,WALK,Verdadero,Verdadero,Verdadero,Verdadero,2026-02-27T19:47:12Z,ACTIVE
STR_N_B1,PARK_RING_NW_B1,WALK,Verdadero,Verdadero,Verdadero,Verdadero,2026-03-03T22:08:28Z,ACTIVE
STR_N_B1,STR_N_F0,VERTICAL,Verdadero,Falso,Falso,Falso,2026-02-25T13:50:00.000Z,ACTIVE
STR_N_EXIT_F0,STR_N_EXIT_F1,VERTICAL,Verdadero,Falso,Falso,Falso,2026-02-25T13:50:00.000Z,ACTIVE
STR_N_EXIT_F1,ENT_N_MAIN,WALK,Verdadero,Verdadero,Verdadero,Verdadero,2026-02-24T13:32:00.000Z,ACTIVE
STR_W_B1,PARK_BLUE_DECATHLON_B1,WALK,Verdadero,Verdadero,Verdadero,Verdadero,2026-02-24T08:54:00.000Z,ACTIVE
STR_W_B1,PARK_RING_S_M2,WALK,Verdadero,Verdadero,Verdadero,Verdadero,2026-03-03T22:06:47Z,ACTIVE
STR_W_B1,STR_W_F0,VERTICAL,Verdadero,Falso,Falso,Falso,2026-02-25T13:50:00.000Z,ACTIVE
STR_W_OUTSIDE_B1,PARK_BLUE_DECATHLON_B1,WALK,Verdadero,Verdadero,Verdadero,Verdadero,2026-02-24T08:54:00.000Z,ACTIVE
STR_W_OUTSIDE_B1,PARK_RING_S_M2,WALK,Verdadero,Verdadero,Verdadero,Verdadero,2026-03-03T22:08:04Z,ACTIVE
STR_W_OUTSIDE_B1,STR_W_OUTSIDE_F0,VERTICAL,Verdadero,Falso,Falso,Falso,2026-02-25T13:50:00.000Z,ACTIVE
STR_W1_OUTSIDE_B1,PARK_GREEN_LEROY_B1,WALK,Verdadero,Verdadero,Verdadero,Verdadero,2026-02-24T08:49:00.000Z,ACTIVE
STR_W1_OUTSIDE_B1,PARK_RING_SW_B1,WALK,Verdadero,Verdadero,Verdadero,Verdadero,2026-03-03T22:08:11Z,ACTIVE
STR_W1_OUTSIDE_B1,STR_W1_OUTSIDE_F0,VERTICAL,Verdadero,Falso,Falso,Falso,2026-02-25T13:50:00.000Z,ACTIVE
WC_C_F0,NODE_DOOR_WC_C_F0,WALK,Verdadero,Verdadero,Verdadero,Verdadero,2026-02-25T21:14:18.999Z,ACTIVE
WC_N_F0,NODE_DOOR_WC_N_F0,WALK,Verdadero,Verdadero,Verdadero,Verdadero,2026-02-25T21:14:18.999Z,ACTIVE
WC_S_F0,NODE_DOOR_WC_S_F0,WALK,Verdadero,Verdadero,Verdadero,Verdadero,2026-02-25T21:14:18.999Z,ACTIVE
WC_C_F1,NODE_DOOR_WC_C_F1,WALK,Verdadero,Verdadero,Verdadero,Verdadero,2026-02-25T21:14:18.999Z,ACTIVE
NODE_DOOR_LASERESTETIC,COR_COVERED_M1,WALK,Verdadero,Verdadero,Verdadero,Verdadero,2026-02-25T21:14:18.999Z,ACTIVE
NODE_DOOR_CONFORMA,COR_EXT_N_MAIN_M1,WALK,Verdadero,Verdadero,Verdadero,Verdadero,2026-02-25T21:14:18.999Z,ACTIVE
NODE_DOOR_INFINITYLOVE,COR_MAIN_E1_S,WALK,Verdadero,Verdadero,Verdadero,Verdadero,2026-02-25T21:14:18.999Z,ACTIVE
NODE_DOOR_CHE,COR_PLZ_FC_S_N_F1,WALK,Verdadero,Verdadero,Verdadero,Verdadero,2026-02-25T21:14:18.999Z,ACTIVE
NODE_DOOR_100_MONTADITOS,COR_PLZ_FC_S_S_F1,WALK,Verdadero,Verdadero,Verdadero,Verdadero,2026-02-25T21:14:18.999Z,ACTIVE
NODE_DOOR_HAAGEN_DASZ,COR_PLZ_N_N_F0,WALK,Verdadero,Verdadero,Verdadero,Verdadero,2026-02-25T21:14:18.999Z,ACTIVE
COR_PLZ_N_W_F0,NODE_DOOR_WC_N_F0,WALK,Verdadero,Verdadero,Verdadero,Verdadero,2026-02-25T21:14:18.999Z,ACTIVE
NODE_DOOR_DONDINO,ENT_N_MAIN,WALK,Verdadero,Verdadero,Verdadero,Verdadero,2026-02-25T21:14:18.999Z,ACTIVE
NODE_DOOR_LIZARRAN,COR_PLZ_FC_S_S_M3,WALK,Verdadero,Verdadero,Verdadero,Verdadero,2026-02-25T21:14:18.999Z,ACTIVE
NODE_DOOR_MYTAPA,COR_PLZ_FC_S_S_M3,WALK,Verdadero,Verdadero,Verdadero,Verdadero,2026-02-25T21:14:18.999Z,ACTIVE
NODE_DOOR_TACOBELL,COR_PLZ_FC_N_W_F1,WALK,Verdadero,Verdadero,Verdadero,Verdadero,2026-02-25T21:14:18.999Z,ACTIVE
NODE_DOOR_LOWCOST,COR_PLZ_S_W_F0,WALK,Verdadero,Verdadero,Verdadero,Verdadero,2026-02-25T21:14:18.999Z,ACTIVE
NODE_DOOR_MASSIMODUTTI_N,COR_MAIN_E_S,WALK,Verdadero,Verdadero,Verdadero,Verdadero,2026-02-25T21:14:18.999Z,ACTIVE
NODE_DOOR_MASSIMODUTTI_S,COR_PLZ_MAIN_N_F0,WALK,Verdadero,Verdadero,Verdadero,Verdadero,2026-02-25T21:14:18.999Z,ACTIVE
NODE_DOOR_MISTERMINT,COR_COVERED_M1,WALK,Verdadero,Verdadero,Verdadero,Verdadero,2026-02-25T21:14:18.999Z,ACTIVE
NODE_DOOR_PEWTER,COR_MAIN_N_M2,WALK,Verdadero,Verdadero,Verdadero,Verdadero,2026-02-25T21:14:18.999Z,ACTIVE
NODE_DOOR_TIMEROAD,COR_MAIN_N_M2,WALK,Verdadero,Verdadero,Verdadero,Verdadero,2026-02-25T21:14:18.999Z,ACTIVE