FROM,TO,MODE,BIDIRECTIONAL,WHEELCHAIR,STROLLER,LUGGAGE,CREATED,STATUS,,,,,,,
COR_EXT_W_S,COR_EXT_W_M5,WALK,TRUE,,,,2026-02-25T21:02:13.452Z,ACTIVE,,,,,,,
COR_EXT_W_M4,COR_EXT_W_M5,WALK,TRUE,,,,2026-02-25T21:02:36.917Z,ACTIVE,,,,,,,
COR_EXT_W_M4,COR_EXT_W_M3,WALK,TRUE,,,,2026-02-25T21:02:40.480Z,ACTIVE,,,,,,,
COR_EXT_W_M3,COR_EXT_W_M2,WALK,TRUE,,,,2026-02-25T21:03:29.136Z,ACTIVE,,,,,,,
COR_EXT_W_M2,COR_EXT_W_M1,WALK,TRUE,,,,2026-02-25T21:03:31.205Z,ACTIVE,,,,,,,
COR_EXT_W_M1,COR_EXT_W_N,WALK,TRUE,,,,2026-02-25T21:03:34.763Z,ACTIVE,,,,,,,
COR_EXT_W_N,EXT_GAS_STATION_PARKING,WALK,TRUE,,,,2026-02-25T21:03:36.301Z,ACTIVE,,,,,,,
COR_EXT_W_M2,ELV_W1_F0,WALK,TRUE,,,,2026-02-25T21:03:43.013Z,ACTIVE,,,,,,,
COR_EXT_W_M2,STR_W1_OUTSIDE_F0,WALK,TRUE,,,,2026-02-25T21:03:45.219Z,ACTIVE,,,,,,,
PARKING_LOT_W,EV_CHARGING_1_F0,WALK,TRUE,,,,2026-02-25T21:03:53.259Z,ACTIVE,,,,,,,
PARKING_LOT_W,COR_EXT_W_M4,WALK,TRUE,,,,2026-02-25T21:05:07.467Z,ACTIVE,,,,,,,
COR_EXT_W_M4,NODE_EXT_W_ENTRANCE,WALK,TRUE,,,,2026-02-25T21:05:10.606Z,ACTIVE,,,,,,,
NODE_EXT_W_ENTRANCE,ENT_W_MAIN,WALK,TRUE,,,,2026-02-25T21:05:16.597Z,ACTIVE,,,,,,,
ENT_W_MAIN,COR_MAIN_W_W,WALK,TRUE,,,,2026-02-25T21:05:20.038Z,ACTIVE,,,,,,,
COR_MAIN_W_W,ATM_F0,WALK,TRUE,,,,2026-02-25T21:05:30.708Z,ACTIVE,,,,,,,
COR_MAIN_W_W,COR_MAIN_W_M1,WALK,TRUE,,,,2026-02-25T21:05:34.177Z,ACTIVE,,,,,,,
COR_EXT_W_M5,STR_W_OUTSIDE_F0,WALK,TRUE,,,,2026-02-25T21:05:43.895Z,ACTIVE,,,,,,,
COR_EXT_W_M5,ELV_W_F0,WALK,TRUE,,,,2026-02-25T21:05:45.774Z,ACTIVE,,,,,,,
COR_MAIN_W_M1,COR_MAIN_W_M2,WALK,TRUE,,,,2026-02-25T21:05:55.806Z,ACTIVE,,,,,,,
COR_MAIN_W_M2,COR_MAIN_W_E,WALK,TRUE,,,,2026-02-25T21:06:03.602Z,ACTIVE,,,,,,,
COR_MAIN_W_E,COR_PLZ_S_S_F0,WALK,TRUE,,,,2026-02-25T21:06:25.882Z,ACTIVE,,,,,,,
COR_MAIN_W_E,COR_PLZ_S_W_F0,WALK,TRUE,,,,2026-02-25T21:06:27.574Z,ACTIVE,,,,,,,
COR_PLZ_S_N_F0,COR_PLZ_S_W_F0,WALK,TRUE,,,,2026-02-25T21:06:31.360Z,ACTIVE,,,,,,,
COR_PLZ_S_N_F0,COR_MAIN_W1_W,WALK,TRUE,,,,2026-02-25T21:06:33.606Z,ACTIVE,,,,,,,
COR_MAIN_W1_W,COR_PLZ_S_E_F0,WALK,TRUE,,,,2026-02-25T21:06:36.417Z,ACTIVE,,,,,,,
COR_PLZ_S_E_F0,COR_PLZ_S_S_F0,WALK,TRUE,,,,2026-02-25T21:06:38.370Z,ACTIVE,,,,,,,
COR_PLZ_S_S_F0,WC_S_F0,WALK,TRUE,,,,2026-02-25T21:06:49.536Z,ACTIVE,,,,,,,
COR_PLZ_S_S_F0,ATM6_F0,WALK,TRUE,,,,2026-02-25T21:06:55.188Z,ACTIVE,,,,,,,
COR_MAIN_W_E,ESC_W_F0,WALK,TRUE,,,,2026-02-25T21:06:59.042Z,ACTIVE,,,,,,,
COR_MAIN_W_E,ATM3_F0,WALK,TRUE,,,,2026-02-25T21:07:00.925Z,ACTIVE,,,,,,,
COR_PLZ_S_E_F0,STR_W_F0,WALK,TRUE,,,,2026-02-25T21:07:05.220Z,ACTIVE,,,,,,,
COR_MAIN_W1_W,COR_MAIN_W1_M1,WALK,TRUE,,,,2026-02-25T21:07:12.111Z,ACTIVE,,,,,,,
COR_MAIN_W1_M1,COR_MAIN_W1_M2,WALK,TRUE,,,,2026-02-25T21:07:13.384Z,ACTIVE,,,,,,,
COR_MAIN_W1_M2,COR_MAIN_W1_E,WALK,TRUE,,,,2026-02-25T21:07:18.836Z,ACTIVE,,,,,,,
COR_EXT_E_S,COR_EXT_E_M7,WALK,TRUE,,,,2026-02-25T21:07:54.907Z,ACTIVE,,,,,,,
COR_EXT_E_M7,COR_EXT_E_M6,WALK,TRUE,,,,2026-02-25T21:07:56.205Z,ACTIVE,,,,,,,
COR_EXT_E_M6,COR_EXT_E_M5,WALK,TRUE,,,,2026-02-25T21:07:59.320Z,ACTIVE,,,,,,,
COR_EXT_E_M5,COR_EXT_E_M4,WALK,TRUE,,,,2026-02-25T21:08:03.785Z,ACTIVE,,,,,,,
COR_EXT_E_M3,COR_EXT_E_M4,WALK,TRUE,,,,2026-02-25T21:08:33.929Z,ACTIVE,,,,,,,
COR_EXT_E_M3,COR_EXT_E_M2,WALK,TRUE,,,,2026-02-25T21:08:40.374Z,ACTIVE,,,,,,,
COR_EXT_E_M2,COR_EXT_E_M1,WALK,TRUE,,,,2026-02-25T21:08:44.872Z,ACTIVE,,,,,,,
COR_EXT_E_M1,COR_EXT_E_N,WALK,TRUE,,,,2026-02-25T21:08:46.701Z,ACTIVE,,,,,,,
NODE_EXT_E_ENTRANCE,PARKING_LOT_E,WALK,TRUE,,,,2026-02-25T21:08:58.005Z,ACTIVE,,,,,,,
PARKING_LOT_E,ENT_E_MAIN,WALK,TRUE,,,,2026-02-25T21:09:10.256Z,ACTIVE,,,,,,,
NODE_EXT_E_ENTRANCE,COR_EXT_E_M3,WALK,TRUE,,,,2026-02-25T21:09:17.009Z,ACTIVE,,,,,,,
ENT_E_MAIN,COR_MAIN_E2_N,WALK,TRUE,,,,2026-02-25T21:09:23.555Z,ACTIVE,,,,,,,
COR_MAIN_E2_N,COR_MAIN_E2_S,WALK,TRUE,,,,2026-02-25T21:09:29.333Z,ACTIVE,,,,,,,
COR_PLZ_E_W_F0,COR_PLZ_E_N_F0,WALK,TRUE,,,,2026-02-25T21:09:40.275Z,ACTIVE,,,,,,,
COR_PLZ_E_N_F0,COR_MAIN_E2_S,WALK,TRUE,,,,2026-02-25T21:09:43.662Z,ACTIVE,,,,,,,
COR_MAIN_E2_S,COR_PLZ_E_E_F0,WALK,TRUE,,,,2026-02-25T21:09:48.866Z,ACTIVE,,,,,,,
COR_PLZ_E_S_F0,COR_PLZ_E_W_F0,WALK,TRUE,,,,2026-02-25T21:09:51.835Z,ACTIVE,,,,,,,
COR_PLZ_E_S_F0,COR_PLZ_E_E_F0,WALK,TRUE,,,,2026-02-25T21:09:56.242Z,ACTIVE,,,,,,,
COR_PLZ_E_N_F0,ESC_E_F0,WALK,TRUE,,,,2026-02-25T21:10:09.949Z,ACTIVE,,,,,,,
COR_MAIN_E1_S,COR_PLZ_E_W_F0,WALK,TRUE,,,,2026-02-25T21:10:18.039Z,ACTIVE,,,,,,,
COR_MAIN_E1_S,COR_PLZ_E_N_F0,WALK,TRUE,,,,2026-02-25T21:10:19.806Z,ACTIVE,,,,,,,
COR_MAIN_E1_S,COR_MAIN_E1_M1,WALK,TRUE,,,,2026-02-25T21:10:24.094Z,ACTIVE,,,,,,,
COR_MAIN_E1_M1,COR_MAIN_E1_M2,WALK,TRUE,,,,2026-02-25T21:10:25.268Z,ACTIVE,,,,,,,
COR_MAIN_E1_M2,COR_MAIN_E1_M3,WALK,TRUE,,,,2026-02-25T21:10:27.360Z,ACTIVE,,,,,,,
COR_MAIN_E1_M3,COR_MAIN_E1_M4,WALK,TRUE,,,,2026-02-25T21:10:29.716Z,ACTIVE,,,,,,,
PLAY_KIDS_N_F0,SEATING_PLAY_KIDS_N_F0,WALK,TRUE,,,,2026-02-25T21:11:12.698Z,ACTIVE,,,,,,,
COR_MAIN_E1_M4,COR_MAIN_E1_N,WALK,TRUE,,,,2026-02-25T21:11:45.543Z,ACTIVE,,,,,,,
COR_PLZ_N_E_F0,COR_PLZ_N_S_F0,WALK,TRUE,,,,2026-02-25T21:13:22.098Z,ACTIVE,,,,,,,
COR_PLZ_N_N_F0,COR_PLZ_N_E_F0,WALK,TRUE,,,,2026-02-25T21:13:41.647Z,ACTIVE,,,,,,,
COR_PLZ_N_N_F0,COR_PLZ_N_W_F0,WALK,TRUE,,,,2026-02-25T21:13:57.559Z,ACTIVE,,,,,,,
COR_PLZ_N_W_F0,COR_PLZ_N_S_F0,WALK,TRUE,,,,2026-02-25T21:14:02.162Z,ACTIVE,,,,,,,
COR_PLZ_N_N_F0,SEATING_PLAY_KIDS_N_F0,WALK,TRUE,,,,2026-02-25T21:14:14.284Z,ACTIVE,,,,,,,
WC_N_F0,COR_PLZ_N_W_F0,WALK,TRUE,,,,2026-02-25T21:14:18.999Z,ACTIVE,,,,,,,
COR_PLZ_N_N_F0,ESC_N_F0,WALK,TRUE,,,,2026-02-25T21:14:24.403Z,ACTIVE,,,,,,,
COR_PLZ_N_N_F0,STR_N_EXIT_F0,WALK,TRUE,,,,2026-02-25T21:14:28.290Z,ACTIVE,,,,,,,
COR_PLZ_N_N_F0,ATM1_F0,WALK,TRUE,,,,2026-02-25T21:14:32.359Z,ACTIVE,,,,,,,
COR_PLZ_N_N_F0,ELV_N_F0,WALK,TRUE,,,,2026-02-25T21:14:35.078Z,ACTIVE,,,,,,,
RAMP1_F0,COR_PLZ_N_N_F0,WALK,TRUE,,,,2026-02-25T21:14:48.933Z,ACTIVE,,,,,,,
COR_PLZ_N_W_F0,RAMP1_F0,WALK,TRUE,,,,2026-02-25T21:14:51.227Z,ACTIVE,,,,,,,
COR_MAIN_E1_N,COR_PLZ_N_N_F0,WALK,TRUE,,,,2026-02-25T21:14:57.624Z,ACTIVE,,,,,,,
COR_COVERED_N,COR_PLZ_N_S_F0,WALK,TRUE,,,,2026-02-25T21:15:00.659Z,ACTIVE,,,,,,,
COR_PLZ_N_S_F0,STR_N_F0,WALK,TRUE,,,,2026-02-25T21:15:05.324Z,ACTIVE,,,,,,,
COR_PLZ_N_S_F0,ATM5_F0,WALK,TRUE,,,,2026-02-25T21:15:07.672Z,ACTIVE,,,,,,,
COR_PLZ_N_E_F0,COR_MAIN_N1_N,WALK,TRUE,,,,2026-02-25T21:15:12.271Z,ACTIVE,,,,,,,
COR_MAIN_N1_N,COR_MAIN_N1_M4,WALK,TRUE,,,,2026-02-25T21:15:14.572Z,ACTIVE,,,,,,,
COR_COVERED_N,COR_COVERED_M1,WALK,TRUE,,,,2026-02-25T21:15:18.862Z,ACTIVE,,,,,,,
COR_COVERED_M1,COR_COVERED_M2,WALK,TRUE,,,,2026-02-25T21:15:25.107Z,ACTIVE,,,,,,,
COR_COVERED_M3,COR_COVERED_M2,WALK,TRUE,,,,2026-02-25T21:15:29.046Z,ACTIVE,,,,,,,
COR_COVERED_M4,COR_COVERED_M3,WALK,TRUE,,,,2026-02-25T21:15:33.585Z,ACTIVE,,,,,,,
COR_COVERED_M4,ATM4_F0,WALK,TRUE,,,,2026-02-25T21:15:35.301Z,ACTIVE,,,,,,,
COR_COVERED_M4,COR_COVERED_M5,WALK,TRUE,,,,2026-02-25T21:15:37.057Z,ACTIVE,,,,,,,
COR_COVERED_M4,COR_MAIN_N1_M2,WALK,TRUE,,,,2026-02-25T21:15:41.832Z,ACTIVE,,,,,,,
COR_MAIN_N1_M4,COR_MAIN_N1_M3,WALK,TRUE,,,,2026-02-25T21:15:45.940Z,ACTIVE,,,,,,,
COR_MAIN_N1_M3,COR_MAIN_N1_M2,WALK,TRUE,,,,2026-02-25T21:15:47.343Z,ACTIVE,,,,,,,
COR_MAIN_N1_M2,COR_MAIN_N1_M1,WALK,TRUE,,,,2026-02-25T21:15:49.333Z,ACTIVE,,,,,,,
COR_MAIN_N1_M1,SHORTCUT_HM_W_F0,WALK,TRUE,,,,2026-02-25T21:15:51.644Z,ACTIVE,,,,,,,
SHORTCUT_HM_W_F0,COR_MAIN_N1_S,WALK,TRUE,,,,2026-02-25T21:16:06.183Z,ACTIVE,,,,,,,
COR_MAIN_N1_S,COR_PLZ_W_N_F0,WALK,TRUE,,,,2026-02-25T21:16:07.594Z,ACTIVE,,,,,,,
COR_COVERED_M5,COR_COVERED_M6,WALK,TRUE,,,,2026-02-25T21:16:18.655Z,ACTIVE,,,,,,,
COR_COVERED_M6,COR_COVERED_S,WALK,TRUE,,,,2026-02-25T21:16:20.926Z,ACTIVE,,,,,,,
COR_COVERED_S,COR_PLZ_W_S_F0,WALK,TRUE,,,,2026-02-25T21:16:46.728Z,ACTIVE,,,,,,,
COR_PLZ_W_S_F0,RAMP_F0,WALK,TRUE,,,,2026-02-25T21:16:48.127Z,ACTIVE,,,,,,,
COR_PLZ_W_S_F0,COR_PLZ_W_W_F0,WALK,TRUE,,,,2026-02-25T21:16:56.993Z,ACTIVE,,,,,,,
COR_PLZ_W_W_F0,COR_PLZ_W_N_F0,WALK,TRUE,,,,2026-02-25T21:17:04.094Z,ACTIVE,,,,,,,
COR_PLZ_W_S_F0,COR_PLZ_W_E_F0,WALK,TRUE,,,,2026-02-25T21:17:17.764Z,ACTIVE,,,,,,,
COR_PLZ_W_E_F0,COR_PLZ_W_N_F0,WALK,TRUE,,,,2026-02-25T21:17:19.305Z,ACTIVE,,,,,,,
COR_PLZ_W_E_F0,COR_MAIN_N_N,WALK,TRUE,,,,2026-02-25T21:17:23.629Z,ACTIVE,,,,,,,
COR_MAIN_N_N,COR_MAIN_N_M4,WALK,TRUE,,,,2026-02-25T21:17:24.920Z,ACTIVE,,,,,,,
COR_MAIN_N_M4,COR_MAIN_N_M3,WALK,TRUE,,,,2026-02-25T21:17:26.219Z,ACTIVE,,,,,,,
COR_MAIN_N_M3,COR_MAIN_N_M2,WALK,TRUE,,,,2026-02-25T21:17:27.246Z,ACTIVE,,,,,,,
COR_MAIN_N_M2,COR_MAIN_N_M1,WALK,TRUE,,,,2026-02-25T21:17:29.089Z,ACTIVE,,,,,,,
COR_MAIN_N_M1,COR_MAIN_N_S,WALK,TRUE,,,,2026-02-25T21:17:30.752Z,ACTIVE,,,,,,,
COR_PLZ_E_S_F0,COR_MAIN_E_N,WALK,TRUE,,,,2026-02-25T21:17:48.824Z,ACTIVE,,,,,,,
COR_MAIN_E_N,COR_MAIN_E_M4,WALK,TRUE,,,,2026-02-25T21:17:50.511Z,ACTIVE,,,,,,,
COR_MAIN_E_M4,COR_MAIN_E_M3,WALK,TRUE,,,,2026-02-25T21:17:54.392Z,ACTIVE,,,,,,,
COR_MAIN_E_M3,SHORTCUT_HM_E_F0,WALK,TRUE,,,,2026-02-25T21:17:55.649Z,ACTIVE,,,,,,,
COR_MAIN_E_M3,COR_MAIN_E_M2,WALK,TRUE,,,,2026-02-25T21:17:57.461Z,ACTIVE,,,,,,,
COR_MAIN_E_M2,COR_MAIN_E_M1,WALK,TRUE,,,,2026-02-25T21:18:00.145Z,ACTIVE,,,,,,,
COR_MAIN_E_M1,COR_MAIN_E_S,WALK,TRUE,,,,2026-02-25T21:18:04.951Z,ACTIVE,,,,,,,
COR_PLZ_MAIN_W_F0,COR_MAIN_N_S,WALK,TRUE,,,,2026-02-25T21:20:46.515Z,ACTIVE,,,,,,,
COR_PLZ_MAIN_W_F0,COR_PLZ_MAIN_E_M1,WALK,TRUE,,,,2026-02-25T21:20:55.552Z,ACTIVE,,,,,,,
COR_PLZ_MAIN_E_M1,COR_PLZ_CROSS_WE_W_F0,WALK,TRUE,,,,2026-02-25T21:21:05.097Z,ACTIVE,,,,,,,
COR_PLZ_MAIN_E_M1,COR_PLZ_MAIN_E_M2,WALK,TRUE,,,,2026-02-25T21:21:18.375Z,ACTIVE,,,,,,,
COR_PLZ_MAIN_E_M2,COR_MAIN_W1_E,WALK,TRUE,,,,2026-02-25T21:21:22.396Z,ACTIVE,,,,,,,
COR_PLZ_CROSS_NS_S_F0,COR_PLZ_MAIN_E_M2,WALK,TRUE,,,,2026-02-25T21:21:27.475Z,ACTIVE,,,,,,,
COR_PLZ_MAIN_E_M2,COR_PLZ_MAIN_E_M3,WALK,TRUE,,,,2026-02-25T21:21:30.596Z,ACTIVE,,,,,,,
COR_PLZ_MAIN_S_F0,COR_PLZ_MAIN_E_M3,WALK,TRUE,,,,2026-02-25T21:21:37.233Z,ACTIVE,,,,,,,
COR_PLZ_CROSS_WE_W_M1,COR_PLZ_CROSS_WE_W_F0,WALK,TRUE,,,,2026-02-25T21:22:07.695Z,ACTIVE,,,,,,,
COR_PLZ_CROSS_WE_W_M1,COR_PLZ_CROSS_NS_S_F0,WALK,TRUE,,,,2026-02-25T21:22:14.598Z,ACTIVE,,,,,,,
COR_PLZ_MAIN_N_F0,COR_MAIN_E_S,WALK,TRUE,,,,2026-02-25T21:22:28.685Z,ACTIVE,,,,,,,
COR_PLZ_MAIN_N_F0,COR_PLZ_CROSS_NS_N_F0,WALK,TRUE,,,,2026-02-25T21:22:34.927Z,ACTIVE,,,,,,,
COR_PLZ_CROSS_NS_N_F0,COR_PLZ_CROSS_WE_W_M1,WALK,TRUE,,,,2026-02-25T21:22:40.912Z,ACTIVE,,,,,,,
COR_PLZ_CROSS_WE_E_F0,COR_PLZ_CROSS_WE_W_M1,WALK,TRUE,,,,2026-02-25T21:22:47.004Z,ACTIVE,,,,,,,
COR_PLZ_MAIN_E_F0,COR_PLZ_MAIN_W_M3,WALK,TRUE,,,,2026-02-25T21:23:24.068Z,ACTIVE,,,,,,,
COR_PLZ_MAIN_W_M3,COR_PLZ_MAIN_W_M2,WALK,TRUE,,,,2026-02-25T21:23:28.231Z,ACTIVE,,,,,,,
COR_PLZ_CROSS_WE_E_F0,COR_PLZ_MAIN_W_M2,WALK,TRUE,,,,2026-02-25T21:23:36.275Z,ACTIVE,,,,,,,
COR_PLZ_MAIN_W_M2,COR_PLZ_MAIN_W_M1,WALK,TRUE,,,,2026-02-25T21:23:38.223Z,ACTIVE,,,,,,,
COR_PLZ_MAIN_W_M1,COR_PLZ_MAIN_N_F0,WALK,TRUE,,,,2026-02-25T21:23:49.007Z,ACTIVE,,,,,,,
COR_PLZ_MAIN_W_M1,COR_PLZ_CROSS_NS_N_F0,WALK,TRUE,,,,2026-02-25T21:23:59.662Z,ACTIVE,,,,,,,
COR_PLZ_MAIN_E_F0,COR_PLZ_MAIN_S_M3,WALK,TRUE,,,,2026-02-25T21:24:19.306Z,ACTIVE,,,,,,,
COR_PLZ_MAIN_S_F0,COR_PLZ_MAIN_S_M1,WALK,TRUE,,,,2026-02-25T21:24:56.482Z,ACTIVE,,,,,,,
STR_C_MAIN_F0,ESC_C_F0,WALK,TRUE,,,,2026-02-25T21:25:07.215Z,ACTIVE,,,,,,,
STR_C_MAIN_F0,COR_PLZ_MAIN_S_M2,WALK,TRUE,,,,2026-02-25T21:26:47.897Z,ACTIVE,,,,,,,
COR_PLZ_MAIN_S_M2,COR_PLZ_MAIN_S_M3,WALK,TRUE,,,,2026-02-25T21:27:19.948Z,ACTIVE,,,,,,,
COR_PLZ_MAIN_S_M2,COR_PLZ_MAIN_S_M1,WALK,TRUE,,,,2026-02-25T21:27:26.717Z,ACTIVE,,,,,,,
ELV_C_F0,COR_PLZ_MAIN_S_M1,WALK,TRUE,,,,2026-02-25T21:27:32.036Z,ACTIVE,,,,,,,
COR_PLZ_MAIN_S_M2,ESC_C_F0,WALK,TRUE,,,,2026-02-25T21:27:37.677Z,ACTIVE,,,,,,,
STR_C_MAIN_OUTSIDE_S_F0,COR_PLZ_MAIN_S_M1,WALK,TRUE,,,,2026-02-25T21:27:52.294Z,ACTIVE,,,,,,,
STR_C_MAIN_OUTSIDE_N_F0,COR_PLZ_MAIN_S_M2,WALK,TRUE,,,,2026-02-25T21:28:05.191Z,ACTIVE,,,,,,,
PLAY_KIDS_S_F0,SEATING_PLAY_KIDS_S_F0,WALK,TRUE,,,,2026-02-25T21:28:21.380Z,ACTIVE,,,,,,,
PLAY_KIDS_S_F0,COR_PLZ_CROSS_WE_W_M1,WALK,TRUE,,,,2026-02-25T21:28:26.825Z,ACTIVE,,,,,,,
COR_PLZ_CROSS_WE_W_M1,ATM2_F0,WALK,TRUE,,,,2026-02-25T21:28:33.259Z,ACTIVE,,,,,,,
SEATING_PLAY_KIDS_S_F0,COR_PLZ_MAIN_E_M3,WALK,TRUE,,,,2026-02-25T21:28:41.027Z,ACTIVE,,,,,,,
STR_C_F0,COR_PLZ_MAIN_E_M1,WALK,TRUE,,,,2026-02-25T21:28:54.643Z,ACTIVE,,,,,,,
COR_PLZ_MAIN_E_M1,ESC_C_FC_F0,WALK,TRUE,,,,2026-02-25T21:29:01.914Z,ACTIVE,,,,,,,
COR_PLZ_MAIN_W_F0,COR_PLZ_STAGE_W_F0,WALK,TRUE,,,,2026-02-25T21:29:18.186Z,ACTIVE,,,,,,,
COR_PLZ_MAIN_W_F0,COR_PLZ_MAIN_N_M1,WALK,TRUE,,,,2026-02-25T21:29:26.845Z,ACTIVE,,,,,,,
COR_PLZ_MAIN_N_M1,COR_PLZ_MAIN_N_M2,WALK,TRUE,,,,2026-02-25T21:29:32.999Z,ACTIVE,,,,,,,
COR_PLZ_MAIN_N_M3,COR_PLZ_MAIN_N_M2,WALK,TRUE,,,,2026-02-25T21:30:09.294Z,ACTIVE,,,,,,,
COR_PLZ_MAIN_N_M3,COR_PLZ_MAIN_N_F0,WALK,TRUE,,,,2026-02-25T21:30:16.783Z,ACTIVE,,,,,,,
COR_PLZ_MAIN_N_M3,WC_C_F0,WALK,TRUE,,,,2026-02-25T21:30:19.892Z,ACTIVE,,,,,,,
COR_PLZ_MAIN_N_M3,SEATING_MAIN_F0,WALK,TRUE,,,,2026-02-25T21:30:22.684Z,ACTIVE,,,,,,,
COR_PLZ_MAIN_N_M3,COR_PLZ_STAGE_N_F0,WALK,TRUE,,,,2026-02-25T21:30:28.474Z,ACTIVE,,,,,,,
COR_PLZ_MAIN_N_M2,COR_PLZ_STAGE_N_F0,WALK,TRUE,,,,2026-02-25T21:30:32.902Z,ACTIVE,,,,,,,
COR_PLZ_STAGE_N_F0,COR_PLZ_STAGE_W_F0,WALK,TRUE,,,,2026-02-25T21:32:01.741Z,ACTIVE,,,,,,,
COR_PLZ_STAGE_S_F0,COR_PLZ_STAGE_W_F0,WALK,TRUE,,,,2026-02-25T21:32:12.770Z,ACTIVE,,,,,,,
COR_PLZ_STAGE_E_F0,COR_PLZ_STAGE_S_F0,WALK,TRUE,,,,2026-02-25T21:32:18.466Z,ACTIVE,,,,,,,
COR_PLZ_STAGE_N_F0,COR_PLZ_STAGE_E_F0,WALK,TRUE,,,,2026-02-25T21:32:32.843Z,ACTIVE,,,,,,,
COR_PLZ_CROSS_WE_W_M1,NODE_PLZ_CROSS_CENTER_F0,WALK,TRUE,,,,2026-02-25T21:32:52.822Z,ACTIVE,,,,,,,
COR_EXT_W_S,COR_EXT_W_M5,WALK,TRUE,,,,2026-02-25T21:02:13.452Z,ACTIVE,,,,,,,
COR_EXT_W_M4,COR_EXT_W_M5,WALK,TRUE,,,,2026-02-25T21:02:36.917Z,ACTIVE,,,,,,,
COR_EXT_W_M4,COR_EXT_W_M3,WALK,TRUE,,,,2026-02-25T21:02:40.480Z,ACTIVE,,,,,,,
COR_EXT_W_M3,COR_EXT_W_M2,WALK,TRUE,,,,2026-02-25T21:03:29.136Z,ACTIVE,,,,,,,
COR_EXT_W_M2,COR_EXT_W_M1,WALK,TRUE,,,,2026-02-25T21:03:31.205Z,ACTIVE,,,,,,,
COR_EXT_W_M1,COR_EXT_W_N,WALK,TRUE,,,,2026-02-25T21:03:34.763Z,ACTIVE,,,,,,,
COR_EXT_W_N,EXT_GAS_STATION_PARKING,WALK,TRUE,,,,2026-02-25T21:03:36.301Z,ACTIVE,,,,,,,
COR_EXT_W_M2,ELV_W1_F0,WALK,TRUE,,,,2026-02-25T21:03:43.013Z,ACTIVE,,,,,,,
COR_EXT_W_M2,STR_W1_OUTSIDE_F0,WALK,TRUE,,,,2026-02-25T21:03:45.219Z,ACTIVE,,,,,,,
PARKING_LOT_W,EV_CHARGING_1_F0,WALK,TRUE,,,,2026-02-25T21:03:53.259Z,ACTIVE,,,,,,,
PARKING_LOT_W,COR_EXT_W_M4,WALK,TRUE,,,,2026-02-25T21:05:07.467Z,ACTIVE,,,,,,,
COR_EXT_W_M4,NODE_EXT_W_ENTRANCE,WALK,TRUE,,,,2026-02-25T21:05:10.606Z,ACTIVE,,,,,,,
NODE_EXT_W_ENTRANCE,ENT_W_MAIN,WALK,TRUE,,,,2026-02-25T21:05:16.597Z,ACTIVE,,,,,,,
ENT_W_MAIN,COR_MAIN_W_W,WALK,TRUE,,,,2026-02-25T21:05:20.038Z,ACTIVE,,,,,,,
COR_MAIN_W_W,ATM_F0,WALK,TRUE,,,,2026-02-25T21:05:30.708Z,ACTIVE,,,,,,,
COR_MAIN_W_W,COR_MAIN_W_M1,WALK,TRUE,,,,2026-02-25T21:05:34.177Z,ACTIVE,,,,,,,
COR_EXT_W_M5,STR_W_OUTSIDE_F0,WALK,TRUE,,,,2026-02-25T21:05:43.895Z,ACTIVE,,,,,,,
COR_EXT_W_M5,ELV_W_F0,WALK,TRUE,,,,2026-02-25T21:05:45.774Z,ACTIVE,,,,,,,
COR_MAIN_W_M1,COR_MAIN_W_M2,WALK,TRUE,,,,2026-02-25T21:05:55.806Z,ACTIVE,,,,,,,
COR_MAIN_W_M2,COR_MAIN_W_E,WALK,TRUE,,,,2026-02-25T21:06:03.602Z,ACTIVE,,,,,,,
COR_MAIN_W_E,COR_PLZ_S_S_F0,WALK,TRUE,,,,2026-02-25T21:06:25.882Z,ACTIVE,,,,,,,
COR_MAIN_W_E,COR_PLZ_S_W_F0,WALK,TRUE,,,,2026-02-25T21:06:27.574Z,ACTIVE,,,,,,,
COR_PLZ_S_N_F0,COR_PLZ_S_W_F0,WALK,TRUE,,,,2026-02-25T21:06:31.360Z,ACTIVE,,,,,,,
COR_PLZ_S_N_F0,COR_MAIN_W1_W,WALK,TRUE,,,,2026-02-25T21:06:33.606Z,ACTIVE,,,,,,,
COR_MAIN_W1_W,COR_PLZ_S_E_F0,WALK,TRUE,,,,2026-02-25T21:06:36.417Z,ACTIVE,,,,,,,
COR_PLZ_S_E_F0,COR_PLZ_S_S_F0,WALK,TRUE,,,,2026-02-25T21:06:38.370Z,ACTIVE,,,,,,,
COR_PLZ_S_S_F0,WC_S_F0,WALK,TRUE,,,,2026-02-25T21:06:49.536Z,ACTIVE,,,,,,,
COR_PLZ_S_S_F0,ATM6_F0,WALK,TRUE,,,,2026-02-25T21:06:55.188Z,ACTIVE,,,,,,,
COR_MAIN_W_E,ESC_W_F0,WALK,TRUE,,,,2026-02-25T21:06:59.042Z,ACTIVE,,,,,,,
COR_MAIN_W_E,ATM3_F0,WALK,TRUE,,,,2026-02-25T21:07:00.925Z,ACTIVE,,,,,,,
COR_PLZ_S_E_F0,STR_W_F0,WALK,TRUE,,,,2026-02-25T21:07:05.220Z,ACTIVE,,,,,,,
COR_MAIN_W1_W,COR_MAIN_W1_M1,WALK,TRUE,,,,2026-02-25T21:07:12.111Z,ACTIVE,,,,,,,
COR_MAIN_W1_M1,COR_MAIN_W1_M2,WALK,TRUE,,,,2026-02-25T21:07:13.384Z,ACTIVE,,,,,,,
COR_MAIN_W1_M2,COR_MAIN_W1_E,WALK,TRUE,,,,2026-02-25T21:07:18.836Z,ACTIVE,,,,,,,
COR_EXT_E_S,COR_EXT_E_M7,WALK,TRUE,,,,2026-02-25T21:07:54.907Z,ACTIVE,,,,,,,
COR_EXT_E_M7,COR_EXT_E_M6,WALK,TRUE,,,,2026-02-25T21:07:56.205Z,ACTIVE,,,,,,,
COR_EXT_E_M6,COR_EXT_E_M5,WALK,TRUE,,,,2026-02-25T21:07:59.320Z,ACTIVE,,,,,,,
COR_EXT_E_M5,COR_EXT_E_M4,WALK,TRUE,,,,2026-02-25T21:08:03.785Z,ACTIVE,,,,,,,
COR_EXT_E_M3,COR_EXT_E_M4,WALK,TRUE,,,,2026-02-25T21:08:33.929Z,ACTIVE,,,,,,,
COR_EXT_E_M3,COR_EXT_E_M2,WALK,TRUE,,,,2026-02-25T21:08:40.374Z,ACTIVE,,,,,,,
COR_EXT_E_M2,COR_EXT_E_M1,WALK,TRUE,,,,2026-02-25T21:08:44.872Z,ACTIVE,,,,,,,
COR_EXT_E_M1,COR_EXT_E_N,WALK,TRUE,,,,2026-02-25T21:08:46.701Z,ACTIVE,,,,,,,
NODE_EXT_E_ENTRANCE,PARKING_LOT_E,WALK,TRUE,,,,2026-02-25T21:08:58.005Z,ACTIVE,,,,,,,
PARKING_LOT_E,ENT_E_MAIN,WALK,TRUE,,,,2026-02-25T21:09:10.256Z,ACTIVE,,,,,,,
NODE_EXT_E_ENTRANCE,COR_EXT_E_M3,WALK,TRUE,,,,2026-02-25T21:09:17.009Z,ACTIVE,,,,,,,
ENT_E_MAIN,COR_MAIN_E2_N,WALK,TRUE,,,,2026-02-25T21:09:23.555Z,ACTIVE,,,,,,,
COR_MAIN_E2_N,COR_MAIN_E2_S,WALK,TRUE,,,,2026-02-25T21:09:29.333Z,ACTIVE,,,,,,,
COR_PLZ_E_W_F0,COR_PLZ_E_N_F0,WALK,TRUE,,,,2026-02-25T21:09:40.275Z,ACTIVE,,,,,,,
COR_PLZ_E_N_F0,COR_MAIN_E2_S,WALK,TRUE,,,,2026-02-25T21:09:43.662Z,ACTIVE,,,,,,,
COR_MAIN_E2_S,COR_PLZ_E_E_F0,WALK,TRUE,,,,2026-02-25T21:09:48.866Z,ACTIVE,,,,,,,
COR_PLZ_E_S_F0,COR_PLZ_E_W_F0,WALK,TRUE,,,,2026-02-25T21:09:51.835Z,ACTIVE,,,,,,,
COR_PLZ_E_S_F0,COR_PLZ_E_E_F0,WALK,TRUE,,,,2026-02-25T21:09:56.242Z,ACTIVE,,,,,,,
COR_PLZ_E_N_F0,ESC_E_F0,WALK,TRUE,,,,2026-02-25T21:10:09.949Z,ACTIVE,,,,,,,
COR_MAIN_E1_S,COR_PLZ_E_W_F0,WALK,TRUE,,,,2026-02-25T21:10:18.039Z,ACTIVE,,,,,,,
COR_MAIN_E1_S,COR_PLZ_E_N_F0,WALK,TRUE,,,,2026-02-25T21:10:19.806Z,ACTIVE,,,,,,,
COR_MAIN_E1_S,COR_MAIN_E1_M1,WALK,TRUE,,,,2026-02-25T21:10:24.094Z,ACTIVE,,,,,,,
COR_MAIN_E1_M1,COR_MAIN_E1_M2,WALK,TRUE,,,,2026-02-25T21:10:25.268Z,ACTIVE,,,,,,,
COR_MAIN_E1_M2,COR_MAIN_E1_M3,WALK,TRUE,,,,2026-02-25T21:10:27.360Z,ACTIVE,,,,,,,
COR_MAIN_E1_M3,COR_MAIN_E1_M4,WALK,TRUE,,,,2026-02-25T21:10:29.716Z,ACTIVE,,,,,,,
PLAY_KIDS_N_F0,SEATING_PLAY_KIDS_N_F0,WALK,TRUE,,,,2026-02-25T21:11:12.698Z,ACTIVE,,,,,,,
COR_MAIN_E1_M4,COR_MAIN_E1_N,WALK,TRUE,,,,2026-02-25T21:11:45.543Z,ACTIVE,,,,,,,
COR_PLZ_N_E_F0,COR_PLZ_N_S_F0,WALK,TRUE,,,,2026-02-25T21:13:22.098Z,ACTIVE,,,,,,,
COR_PLZ_N_N_F0,COR_PLZ_N_E_F0,WALK,TRUE,,,,2026-02-25T21:13:41.647Z,ACTIVE,,,,,,,
COR_PLZ_N_N_F0,COR_PLZ_N_W_F0,WALK,TRUE,,,,2026-02-25T21:13:57.559Z,ACTIVE,,,,,,,
COR_PLZ_N_W_F0,COR_PLZ_N_S_F0,WALK,TRUE,,,,2026-02-25T21:14:02.162Z,ACTIVE,,,,,,,
COR_PLZ_N_N_F0,SEATING_PLAY_KIDS_N_F0,WALK,TRUE,,,,2026-02-25T21:14:14.284Z,ACTIVE,,,,,,,
WC_N_F0,COR_PLZ_N_W_F0,WALK,TRUE,,,,2026-02-25T21:14:18.999Z,ACTIVE,,,,,,,
COR_PLZ_N_N_F0,ESC_N_F0,WALK,TRUE,,,,2026-02-25T21:14:24.403Z,ACTIVE,,,,,,,
COR_PLZ_N_N_F0,STR_N_EXIT_F0,WALK,TRUE,,,,2026-02-25T21:14:28.290Z,ACTIVE,,,,,,,
COR_PLZ_N_N_F0,ATM1_F0,WALK,TRUE,,,,2026-02-25T21:14:32.359Z,ACTIVE,,,,,,,
COR_PLZ_N_N_F0,ELV_N_F0,WALK,TRUE,,,,2026-02-25T21:14:35.078Z,ACTIVE,,,,,,,
RAMP1_F0,COR_PLZ_N_N_F0,WALK,TRUE,,,,2026-02-25T21:14:48.933Z,ACTIVE,,,,,,,
COR_PLZ_N_W_F0,RAMP1_F0,WALK,TRUE,,,,2026-02-25T21:14:51.227Z,ACTIVE,,,,,,,
COR_MAIN_E1_N,COR_PLZ_N_N_F0,WALK,TRUE,,,,2026-02-25T21:14:57.624Z,ACTIVE,,,,,,,
COR_COVERED_N,COR_PLZ_N_S_F0,WALK,TRUE,,,,2026-02-25T21:15:00.659Z,ACTIVE,,,,,,,
COR_PLZ_N_S_F0,STR_N_F0,WALK,TRUE,,,,2026-02-25T21:15:05.324Z,ACTIVE,,,,,,,
COR_PLZ_N_S_F0,ATM5_F0,WALK,TRUE,,,,2026-02-25T21:15:07.672Z,ACTIVE,,,,,,,
COR_PLZ_N_E_F0,COR_MAIN_N1_N,WALK,TRUE,,,,2026-02-25T21:15:12.271Z,ACTIVE,,,,,,,
COR_MAIN_N1_N,COR_MAIN_N1_M4,WALK,TRUE,,,,2026-02-25T21:15:14.572Z,ACTIVE,,,,,,,
COR_COVERED_N,COR_COVERED_M1,WALK,TRUE,,,,2026-02-25T21:15:18.862Z,ACTIVE,,,,,,,
COR_COVERED_M1,COR_COVERED_M2,WALK,TRUE,,,,2026-02-25T21:15:25.107Z,ACTIVE,,,,,,,
COR_COVERED_M3,COR_COVERED_M2,WALK,TRUE,,,,2026-02-25T21:15:29.046Z,ACTIVE,,,,,,,
COR_COVERED_M4,COR_COVERED_M3,WALK,TRUE,,,,2026-02-25T21:15:33.585Z,ACTIVE,,,,,,,
COR_COVERED_M4,ATM4_F0,WALK,TRUE,,,,2026-02-25T21:15:35.301Z,ACTIVE,,,,,,,
COR_COVERED_M4,COR_COVERED_M5,WALK,TRUE,,,,2026-02-25T21:15:37.057Z,ACTIVE,,,,,,,
COR_COVERED_M4,COR_MAIN_N1_M2,WALK,TRUE,,,,2026-02-25T21:15:41.832Z,ACTIVE,,,,,,,
COR_MAIN_N1_M4,COR_MAIN_N1_M3,WALK,TRUE,,,,2026-02-25T21:15:45.940Z,ACTIVE,,,,,,,
COR_MAIN_N1_M3,COR_MAIN_N1_M2,WALK,TRUE,,,,2026-02-25T21:15:47.343Z,ACTIVE,,,,,,,
COR_MAIN_N1_M2,COR_MAIN_N1_M1,WALK,TRUE,,,,2026-02-25T21:15:49.333Z,ACTIVE,,,,,,,
COR_MAIN_N1_M1,SHORTCUT_HM_W_F0,WALK,TRUE,,,,2026-02-25T21:15:51.644Z,ACTIVE,,,,,,,
SHORTCUT_HM_W_F0,COR_MAIN_N1_S,WALK,TRUE,,,,2026-02-25T21:16:06.183Z,ACTIVE,,,,,,,
COR_MAIN_N1_S,COR_PLZ_W_N_F0,WALK,TRUE,,,,2026-02-25T21:16:07.594Z,ACTIVE,,,,,,,
COR_COVERED_M5,COR_COVERED_M6,WALK,TRUE,,,,2026-02-25T21:16:18.655Z,ACTIVE,,,,,,,
COR_COVERED_M6,COR_COVERED_S,WALK,TRUE,,,,2026-02-25T21:16:20.926Z,ACTIVE,,,,,,,
COR_COVERED_S,COR_PLZ_W_S_F0,WALK,TRUE,,,,2026-02-25T21:16:46.728Z,ACTIVE,,,,,,,
COR_PLZ_W_S_F0,RAMP_F0,WALK,TRUE,,,,2026-02-25T21:16:48.127Z,ACTIVE,,,,,,,
COR_PLZ_W_S_F0,COR_PLZ_W_W_F0,WALK,TRUE,,,,2026-02-25T21:16:56.993Z,ACTIVE,,,,,,,
COR_PLZ_W_W_F0,COR_PLZ_W_N_F0,WALK,TRUE,,,,2026-02-25T21:17:04.094Z,ACTIVE,,,,,,,
COR_PLZ_W_S_F0,COR_PLZ_W_E_F0,WALK,TRUE,,,,2026-02-25T21:17:17.764Z,ACTIVE,,,,,,,
COR_PLZ_W_E_F0,COR_PLZ_W_N_F0,WALK,TRUE,,,,2026-02-25T21:17:19.305Z,ACTIVE,,,,,,,
COR_PLZ_W_E_F0,COR_MAIN_N_N,WALK,TRUE,,,,2026-02-25T21:17:23.629Z,ACTIVE,,,,,,,
COR_MAIN_N_N,COR_MAIN_N_M4,WALK,TRUE,,,,2026-02-25T21:17:24.920Z,ACTIVE,,,,,,,
COR_MAIN_N_M4,COR_MAIN_N_M3,WALK,TRUE,,,,2026-02-25T21:17:26.219Z,ACTIVE,,,,,,,
COR_MAIN_N_M3,COR_MAIN_N_M2,WALK,TRUE,,,,2026-02-25T21:17:27.246Z,ACTIVE,,,,,,,
COR_MAIN_N_M2,COR_MAIN_N_M1,WALK,TRUE,,,,2026-02-25T21:17:29.089Z,ACTIVE,,,,,,,
COR_MAIN_N_M1,COR_MAIN_N_S,WALK,TRUE,,,,2026-02-25T21:17:30.752Z,ACTIVE,,,,,,,
COR_PLZ_E_S_F0,COR_MAIN_E_N,WALK,TRUE,,,,2026-02-25T21:17:48.824Z,ACTIVE,,,,,,,
COR_MAIN_E_N,COR_MAIN_E_M4,WALK,TRUE,,,,2026-02-25T21:17:50.511Z,ACTIVE,,,,,,,
COR_MAIN_E_M4,COR_MAIN_E_M3,WALK,TRUE,,,,2026-02-25T21:17:54.392Z,ACTIVE,,,,,,,
COR_MAIN_E_M3,SHORTCUT_HM_E_F0,WALK,TRUE,,,,2026-02-25T21:17:55.649Z,ACTIVE,,,,,,,
COR_MAIN_E_M3,COR_MAIN_E_M2,WALK,TRUE,,,,2026-02-25T21:17:57.461Z,ACTIVE,,,,,,,
COR_MAIN_E_M2,COR_MAIN_E_M1,WALK,TRUE,,,,2026-02-25T21:18:00.145Z,ACTIVE,,,,,,,
COR_MAIN_E_M1,COR_MAIN_E_S,WALK,TRUE,,,,2026-02-25T21:18:04.951Z,ACTIVE,,,,,,,
COR_EXT_MAIN_ENTRANCE_E,COR_EXT_MAIN_ENTRANCE_M1,WALK,TRUE,,,,2/24/2026 8:54,,,,,,,,
COR_EXT_MAIN_ENTRANCE_E,TAXI_PICKUP_1,WALK,TRUE,,,,2/24/2026 8:54,,,,,,,,
COR_EXT_MAIN_ENTRANCE_W,COR_EXT_MAIN_ENTRANCE_M1,WALK,TRUE,,,,2/24/2026 8:54,,,,,,,,
COR_EXT_N_MAIN_E,COR_EXT_N_MAIN_M1,WALK,TRUE,,,,2/24/2026 13:19,,,,,,,,
COR_EXT_N_MAIN_M2,COR_EXT_N_MAIN_M1,WALK,TRUE,,,,2/24/2026 13:19,,,,,,,,
COR_EXT_N_MAIN_M2,PARKING_LOT_N,WALK,TRUE,,,,2/24/2026 13:31,,,,,,,,
COR_EXT_N_MAIN_W,COR_EXT_N_MAIN_M2,WALK,TRUE,,,,2/24/2026 13:19,,,,,,,,
COR_MAIN_N_M4,PARKING_LOT_N,WALK,TRUE,,,,2/24/2026 13:30,,,,,,,,
COR_PLZ_FC_N_E_F1,COR_PLZ_FC_N_S_M1,WALK,TRUE,,,,2/24/2026 13:35,,,,,,,,
COR_PLZ_FC_N_E_M1,COR_PLZ_FC_N_N_F1,WALK,TRUE,,,,2/24/2026 13:35,,,,,,,,
COR_PLZ_FC_N_E_M2,COR_PLZ_FC_N_E_F1,WALK,TRUE,,,,2/24/2026 13:35,,,,,,,,
COR_PLZ_FC_N_E_M2,COR_PLZ_FC_N_E_M1,WALK,TRUE,,,,2/24/2026 13:35,,,,,,,,
COR_PLZ_FC_N_N_F1,COR_PLZ_FC_N_N_M2,WALK,TRUE,,,,2/24/2026 13:33,,,,,,,,
COR_PLZ_FC_N_N_M1,COR_PLZ_FC_N_W_F1,WALK,TRUE,,,,2/24/2026 13:33,,,,,,,,
COR_PLZ_FC_N_N_M2,COR_PLZ_FC_N_N_M1,WALK,TRUE,,,,2/24/2026 13:33,,,,,,,,
COR_PLZ_FC_N_N_M2,NODE_DOOR_WC_C_F1,WALK,TRUE,,,,2/24/2026 13:34,,,,,,,,
COR_PLZ_FC_N_S_F1,COR_PLZ_FC_N_W_M1,WALK,TRUE,,,,2/24/2026 13:35,,,,,,,,
COR_PLZ_FC_N_S_F1,COR_PLZ_FC_N_S_M2,WALK,TRUE,,,,2/24/2026 13:35,,,,,,,,
COR_PLZ_FC_N_S_M2,COR_PLZ_FC_N_S_M1,WALK,TRUE,,,,2/24/2026 13:35,,,,,,,,
COR_PLZ_FC_N_W_M1,COR_PLZ_FC_N_W_M2,WALK,TRUE,,,,2/24/2026 13:35,,,,,,,,
COR_PLZ_FC_N_W_M2,COR_PLZ_FC_N_W_F1,WALK,TRUE,,,,2/24/2026 13:35,,,,,,,,
COR_PLZ_FC_S_E_F1,COR_PLZ_FC_S_S_M3,WALK,TRUE,,,,2/24/2026 13:37,,,,,,,,
COR_PLZ_FC_S_E_F1,COR_PLZ_FC_S_E_M1,WALK,TRUE,,,,2/24/2026 13:37,,,,,,,,
COR_PLZ_FC_S_E_M1,COR_PLZ_FC_S_E_M2,WALK,TRUE,,,,2/24/2026 13:37,,,,,,,,
COR_PLZ_FC_S_E_M2,COR_PLZ_FC_S_E_M3,WALK,TRUE,,,,2/24/2026 13:37,,,,,,,,
COR_PLZ_FC_S_E_M3,COR_PLZ_FC_S_N_F1,WALK,TRUE,,,,2/24/2026 13:37,,,,,,,,
COR_PLZ_FC_S_N_F1,COR_PLZ_FC_N_E_F1,WALK,TRUE,,,,2/24/2026 13:37,,,,,,,,
COR_PLZ_FC_S_S_F1,COR_PLZ_FC_S_S_M1,WALK,TRUE,,,,2/24/2026 13:37,,,,,,,,
COR_PLZ_FC_S_S_M2,COR_PLZ_FC_S_S_M1,WALK,TRUE,,,,2/24/2026 13:37,,,,,,,,
COR_PLZ_FC_S_S_M2,COR_PLZ_FC_S_S_M3,WALK,TRUE,,,,2/24/2026 13:37,,,,,,,,
COR_PLZ_FC_S_W_F1,COR_PLZ_FC_N_S_F1,WALK,TRUE,,,,2/24/2026 13:36,,,,,,,,
COR_PLZ_FC_S_W_F1,COR_PLZ_FC_S_W_M3,WALK,TRUE,,,,2/24/2026 13:36,,,,,,,,
COR_PLZ_FC_S_W_M1,COR_PLZ_FC_S_S_F1,WALK,TRUE,,,,2/24/2026 13:37,,,,,,,,
COR_PLZ_FC_S_W_M2,COR_PLZ_FC_S_W_M1,WALK,TRUE,,,,2/24/2026 13:36,,,,,,,,
COR_PLZ_FC_S_W_M3,COR_PLZ_FC_S_W_M2,WALK,TRUE,,,,2/24/2026 13:36,,,,,,,,
ELV_C_B1,COR_EXT_MAIN_ENTRANCE_M1,,Y,,,,2/24/2026 8:55,,,,,,,,
ELV_C_B1,NODE_PARKING_GARAGE_LVL_B1,,Y,,,,2/24/2026 8:55,,,,,,,,
ELV_C_F1,COR_PLZ_FC_S_S_M1,,Y,,,,2/24/2026 13:37,,,,,,,,
ELV_W1_B1,PARK_GREEN_LEROY_B1,,Y,,,,2/24/2026 8:49,,,,,,,,
ELV_W1_B1,STR_W1_OUTSIDE_B1,,Y,,,,2/24/2026 8:49,,,,,,,,
ENT_N_MAIN,NODE_EXT_N_ENTRANCE,,Y,,,,2/24/2026 13:31,,,,,,,,
ENT_N_MAIN,ELV_N_F1,,Y,,,,2/24/2026 13:33,,,,,,,,
ENT_PARKING_1,PARK_BLUE_DECATHLON_B1,,Y,,,,2/24/2026 14:21,,,,,,,,
ENT_PARKING_1,NODE_PARKING_GARAGE_LVL_B1,,Y,,,,2/24/2026 14:22,,,,,,,,
ENT_PARKING_2,PARK_GREEN_LEROY_B1,,Y,,,,2/24/2026 14:22,,,,,,,,
ENT_PARKING_2,NODE_PARKING_GARAGE_LVL_B1,,Y,,,,2/24/2026 14:36,,,,,,,,
ENT_PARKING_3,NODE_PARKING_GARAGE_LVL_B1,,Y,,,,2/24/2026 14:36,,,,,,,,
ENT_PARKING_3,PARK_RED_ALCAMPO_B1,,Y,,,,2/24/2026 14:39,,,,,,,,
ENT_PARKING_4,NODE_PARKING_GARAGE_LVL_B1,,Y,,,,2/24/2026 14:22,,,,,,,,
ENT_PARKING_4,PARK_PURPLE_FRONT_B1,,Y,,,,2/24/2026 14:22,,,,,,,,
ENT_S_MAIN,COR_EXT_MAIN_ENTRANCE_M1,,Y,,,,2/24/2026 8:54,,,,,,,,
ENT_S_MAIN,STR_C_MAIN_B1,,Y,,,,2/24/2026 8:55,,,,,,,,
ENT_S_MAIN,ESC_C_B1,,Y,,,,2/24/2026 8:55,,,,,,,,
ESC_C_FC_F1,COR_PLZ_FC_N_S_F1,,Y,,,,2/24/2026 13:35,,,,,,,,
ESC_E_B1,PARK_PURPLE_FRONT_B1,,Y,,,,2/24/2026 8:46,,,,,,,,
ESC_N_F1,ENT_N_MAIN,,Y,,,,2/24/2026 13:32,,,,,,,,
ESC_W_B1,PARK_BLUE_DECATHLON_B1,,Y,,,,2/24/2026 8:54,,,,,,,,
EV_CHARGING_2_B1,RAMP_B1,,Y,,,,2/24/2026 8:51,,,,,,,,
EV_CHARGING_2_B1,PARK_RED_ALCAMPO_B1,,Y,,,,2/24/2026 8:53,,,,,,,,
LOCKER_AMAZON_B1,RAMP_B1,,Y,,,,2/24/2026 8:46,,,,,,,,
NODE_EXT_N_ENTRANCE,COR_EXT_N_MAIN_M2,,Y,,,,2/24/2026 13:31,,,,,,,,
NODE_PARKING_GARAGE_LVL_B1,RAMP_B1,,Y,,,,2/24/2026 8:46,,,,,,,,
NODE_PARKING_GARAGE_LVL_B1,ESC_C_B1,,Y,,,,2/24/2026 12:45,,,,,,,,
NODE_PARKING_GARAGE_LVL_B1,CAR_WASH_B1,,Y,,,,2/24/2026 13:57,,,,,,,,
NODE_PARKING_GARAGE_LVL_B1,ENT_PARKING_2,,Y,,,,2/24/2026 14:22,,,,,,,,
PARK_BLUE_DECATHLON_B1,NODE_PARKING_GARAGE_LVL_B1,,Y,,,,2/24/2026 8:45,,,,,,,,
PARK_BLUE_DECATHLON_B1,ELV_W_B1,,Y,,,,2/24/2026 8:53,,,,,,,,
PARK_BLUE_DECATHLON_B1,ENT_PARKING_1,,Y,,,,2/24/2026 14:40,,,,,,,,
PARK_GREEN_LEROY_B1,NODE_PARKING_GARAGE_LVL_B1,,Y,,,,2/24/2026 8:45,,,,,,,,
PARK_PURPLE_FRONT_B1,NODE_PARKING_GARAGE_LVL_B1,,Y,,,,2/24/2026 8:45,,,,,,,,
PARK_PURPLE_FRONT_B1,ENT_PARKING_3,,Y,,,,2/24/2026 14:21,,,,,,,,
PARK_PURPLE_FRONT_B1,ENT_PARKING_1,,Y,,,,2/24/2026 14:40,,,,,,,,
PARK_PURPLE_FRONT_B1,ENT_PARKING_1,,Y,,,,2/24/2026 14:40,,,,,,,,
PARK_RED_ALCAMPO_B1,NODE_PARKING_GARAGE_LVL_B1,,Y,,,,2/24/2026 8:45,,,,,,,,
PARK_RED_ALCAMPO_B1,ENT_PARKING_2,,Y,,,,2/24/2026 14:44,,,,,,,,
PLAY_KIDS_S_F1,COR_PLZ_FC_N_S_M2,,Y,,,,2/24/2026 13:35,,,,,,,,
RAMP_B1,LOCKER_CORREOS_B1,,Y,,,,2/24/2026 8:47,,,,,,,,
RAMP_B1,CAR_WASH_B1,,Y,,,,2/24/2026 13:55,,,,,,,,
RAMP1_B1,NODE_PARKING_GARAGE_LVL_B1,,Y,,,,2/24/2026 8:48,,,,,,,,
SEATING_PLAY_KIDS_S_F1,PLAY_KIDS_S_F1,,Y,,,,2/24/2026 13:35,,,,,,,,
SEATING_PLAY_KIDS_S_F1,COR_PLZ_FC_N_S_M1,,Y,,,,2/24/2026 13:36,,,,,,,,
STR_C_F1,COR_PLZ_FC_N_S_F1,,Y,,,,2/24/2026 13:35,,,,,,,,
STR_C_MAIN_B1,NODE_PARKING_GARAGE_LVL_B1,,Y,,,,2/24/2026 8:56,,,,,,,,
STR_C_MAIN_OUTSIDE_N_B1,ENT_S_MAIN,,Y,,,,2/24/2026 8:55,,,,,,,,
STR_C_MAIN_OUTSIDE_S_B1,ENT_S_MAIN,,Y,,,,2/24/2026 8:55,,,,,,,,
STR_N_B1,NODE_PARKING_GARAGE_LVL_B1,,Y,,,,2/24/2026 8:49,,,,,,,,
STR_N_EXIT_F1,ENT_N_MAIN,,Y,,,,2/24/2026 13:32,,,,,,,,
STR_W_B1,PARK_BLUE_DECATHLON_B1,,Y,,,,2/24/2026 8:54,,,,,,,,
STR_W_OUTSIDE_B1,PARK_BLUE_DECATHLON_B1,,Y,,,,2/24/2026 8:54,,,,,,,,
STR_W1_OUTSIDE_B1,PARK_GREEN_LEROY_B1,,Y,,,,2/24/2026 8:49,,,,,,,,
COR_EXT_E_N,COR_EXT_E_M1,,Y,,,,2/25/2026 13:45,,,,,,,,
COR_EXT_E_M1,COR_EXT_E_M2,,Y,,,,2/25/2026 13:46,,,,,,,,
ENT_E_MAIN,NODE_EXT_E_ENTRANCE,,Y,,,,2/25/2026 13:46,,,,,,,,
COR_EXT_E_M3,COR_EXT_E_M2,,Y,,,,2/25/2026 13:47,,,,,,,,
COR_EXT_E_M5,COR_EXT_E_M4,,Y,,,,2/25/2026 13:48,,,,,,,,
COR_EXT_E_S,COR_EXT_E_M7,,Y,,,,2/25/2026 13:49,,,,,,,,
COR_EXT_E_M6,COR_EXT_E_M5,,Y,,,,2/25/2026 13:50,,,,,,,,
ELV_C_B1,ELV_C_F0,VERTICAL,TRUE,TRUE,TRUE,TRUE,,ACTIVE,,,,,,,
ELV_C_F0,ELV_C_F1,VERTICAL,TRUE,TRUE,TRUE,TRUE,,ACTIVE,,,,,,,
ELV_C_B1,ELV_C_F1,VERTICAL,TRUE,TRUE,TRUE,TRUE,,ACTIVE,,,,,,,
ELV_N_F0,ELV_N_F1,VERTICAL,TRUE,TRUE,TRUE,TRUE,,ACTIVE,,,,,,,
ELV_W_B1,ELV_W_F0,VERTICAL,TRUE,TRUE,TRUE,TRUE,,ACTIVE,,,,,,,
ELV_W1_B1,ELV_W1_F0,VERTICAL,TRUE,TRUE,TRUE,TRUE,,ACTIVE,,,,,,,
ESC_C_B1,ESC_C_F0,VERTICAL,TRUE,FALSE,FALSE,FALSE,,ACTIVE,,,,,,,
ESC_C_FC_F0,ESC_C_FC_F1,VERTICAL,TRUE,FALSE,FALSE,FALSE,,ACTIVE,,,,,,,
ESC_E_B1,ESC_E_F0,VERTICAL,TRUE,FALSE,FALSE,FALSE,,ACTIVE,,,,,,,
ESC_N_F0,ESC_N_F1,VERTICAL,TRUE,FALSE,FALSE,FALSE,,ACTIVE,,,,,,,
ESC_W_B1,ESC_W_F0,VERTICAL,TRUE,FALSE,FALSE,FALSE,,ACTIVE,,,,,,,
STR_C_F0,STR_C_F1,VERTICAL,TRUE,FALSE,FALSE,FALSE,,ACTIVE,,,,,,,
STR_C_MAIN_B1,STR_C_MAIN_F0,VERTICAL,TRUE,FALSE,FALSE,FALSE,,ACTIVE,,,,,,,
STR_C_MAIN_OUTSIDE_N_B1,STR_C_MAIN_OUTSIDE_N_F0,VERTICAL,TRUE,FALSE,FALSE,FALSE,,ACTIVE,,,,,,,
STR_C_MAIN_OUTSIDE_S_B1,STR_C_MAIN_OUTSIDE_S_F0,VERTICAL,TRUE,FALSE,FALSE,FALSE,,ACTIVE,,,,,,,
STR_N_B1,STR_N_EXIT_F0,VERTICAL,TRUE,FALSE,FALSE,FALSE,,ACTIVE,,,,,,,
STR_N_B1,STR_N_EXIT_F1,VERTICAL,TRUE,FALSE,FALSE,FALSE,,ACTIVE,,,,,,,
STR_N_B1,STR_N_F0,VERTICAL,TRUE,FALSE,FALSE,FALSE,,ACTIVE,,,,,,,
STR_N_EXIT_F0,STR_N_EXIT_F1,VERTICAL,TRUE,FALSE,FALSE,FALSE,,ACTIVE,,,,,,,
STR_N_EXIT_F1,STR_N_F0,VERTICAL,TRUE,FALSE,FALSE,FALSE,,ACTIVE,,,,,,,
STR_N_EXIT_F0,STR_N_F0,VERTICAL,TRUE,FALSE,FALSE,FALSE,,ACTIVE,,,,,,,
STR_W_B1,STR_W_F0,VERTICAL,TRUE,FALSE,FALSE,FALSE,,ACTIVE,,,,,,,
STR_W_OUTSIDE_B1,STR_W_OUTSIDE_F0,VERTICAL,TRUE,FALSE,FALSE,FALSE,,ACTIVE,,,,,,,
STR_W1_OUTSIDE_B1,STR_W1_OUTSIDE_F0,VERTICAL,TRUE,FALSE,FALSE,FALSE,,ACTIVE,,,,,,,
RAMP_B1,RAMP_F0,VERTICAL,TRUE,TRUE,TRUE,TRUE,,ACTIVE,,,,,,,
RAMP1_B1,RAMP1_F0,VERTICAL,TRUE,TRUE,TRUE,TRUE,,ACTIVE,,,,,,,
NODE_DOOR_100_MONTADITOS,STORE_100_MONTADITOS,WALK,TRUE,,,,,ACTIVE,,,,,,,
NODE_DOOR_ADIDASORIGINALS,STORE_ADIDASORIGINALS,WALK,TRUE,,,,,ACTIVE,,,,,,,
NODE_DOOR_ALCAMPO_N,STORE_ALCAMPO_N,WALK,TRUE,,,,,ACTIVE,,,,,,,
NODE_DOOR_ALCAMPO_S,STORE_ALCAMPO_S,WALK,TRUE,,,,,ACTIVE,,,,,,,
NODE_DOOR_ALEHOP,STORE_ALEHOP,WALK,TRUE,,,,,ACTIVE,,,,,,,
NODE_DOOR_ALEJOR,STORE_ALEJOR,WALK,TRUE,,,,,ACTIVE,,,,,,,
NODE_DOOR_AVATEL,STORE_AVATEL,WALK,TRUE,,,,,ACTIVE,,,,,,,
NODE_DOOR_BANKCAJARURAL,STORE_BANKCAJARURAL,WALK,TRUE,,,,,ACTIVE,,,,,,,
NODE_DOOR_BELROS,STORE_BELROS,WALK,TRUE,,,,,ACTIVE,,,,,,,
NODE_DOOR_BENETTON,STORE_BENETTON,WALK,TRUE,,,,,ACTIVE,,,,,,,
NODE_DOOR_BERSHKA,STORE_BERSHKA,WALK,TRUE,,,,,ACTIVE,,,,,,,
NODE_DOOR_BIGGERBETTERBURGER,STORE_BIGGERBETTERBURGER,WALK,TRUE,,,,,ACTIVE,,,,,,,
NODE_DOOR_BIJOUBRIGITTE,STORE_BIJOUBRIGITTE,WALK,TRUE,,,,,ACTIVE,,,,,,,
NODE_DOOR_BLACK,STORE_BLACK,WALK,TRUE,,,,,ACTIVE,,,,,,,
NODE_DOOR_BOMBONBOSS,STORE_BOMBONBOSS,WALK,TRUE,,,,,ACTIVE,,,,,,,
NODE_DOOR_BOSTON,STORE_BOSTON,WALK,TRUE,,,,,ACTIVE,,,,,,,
NODE_DOOR_BOTTICELLI,STORE_BOTTICELLI,WALK,TRUE,,,,,ACTIVE,,,,,,,
NODE_DOOR_BOWLING,STORE_BOWLING,WALK,TRUE,,,,,ACTIVE,,,,,,,
NODE_DOOR_CA,STORE_CA,WALK,TRUE,,,,,ACTIVE,,,,,,,
NODE_DOOR_CAFEOLE,STORE_CAFEOLE,WALK,TRUE,,,,,ACTIVE,,,,,,,
NODE_DOOR_CAFETERIAEXPRE3SS,STORE_CAFETERIAEXPRE3SS,WALK,TRUE,,,,,ACTIVE,,,,,,,
NODE_DOOR_CALZEDONIA,STORE_CALZEDONIA,WALK,TRUE,,,,,ACTIVE,,,,,,,
NODE_DOOR_CASINO,STORE_CASINO,WALK,TRUE,,,,,ACTIVE,,,,,,,
NODE_DOOR_CHE,STORE_CHE,WALK,TRUE,,,,,ACTIVE,,,,,,,
NODE_DOOR_CLAIRES,STORE_CLAIRES,WALK,TRUE,,,,,ACTIVE,,,,,,,
NODE_DOOR_CONFORMA,STORE_CONFORMA,WALK,TRUE,,,,,ACTIVE,,,,,,,
NODE_DOOR_CONFORMA_2,STORE_CONFORMA_2,WALK,TRUE,,,,,ACTIVE,,,,,,,
NODE_DOOR_CORTEFIEL,STORE_CORTEFIEL,WALK,TRUE,,,,,ACTIVE,,,,,,,
NODE_DOOR_COSTABLANCAWOHNUNGEN,STORE_COSTABLANCAWOHNUNGEN,WALK,TRUE,,,,,ACTIVE,,,,,,,
NODE_DOOR_DAFAVOLA,STORE_DAFAVOLA,WALK,TRUE,,,,,ACTIVE,,,,,,,
NODE_DOOR_DECATHLON,STORE_DECATHLON,WALK,TRUE,,,,,ACTIVE,,,,,,,
NODE_DOOR_DECIMAS,STORE_DECIMAS,WALK,TRUE,,,,,ACTIVE,,,,,,,
NODE_DOOR_DEICHMANN,STORE_DEICHMANN,WALK,TRUE,,,,,ACTIVE,,,,,,,
NODE_DOOR_DESIGUAL,STORE_DESIGUAL,WALK,TRUE,,,,,ACTIVE,,,,,,,
NODE_DOOR_DONDINO,STORE_DONDINO,WALK,TRUE,,,,,ACTIVE,,,,,,,
NODE_DOOR_DRUNI,STORE_DRUNI,WALK,TRUE,,,,,ACTIVE,,,,,,,
NODE_DOOR_ELKIOSKO,STORE_ELKIOSKO,WALK,TRUE,,,,,ACTIVE,,,,,,,
NODE_DOOR_ENCUENTRO,STORE_ENCUENTRO,WALK,TRUE,,,,,ACTIVE,,,,,,,
NODE_DOOR_FASHIONNAILS,STORE_FASHIONNAILS,WALK,TRUE,,,,,ACTIVE,,,,,,,
NODE_DOOR_FLYINGTIGER,STORE_FLYINGTIGER,WALK,TRUE,,,,,ACTIVE,,,,,,,
NODE_DOOR_FOSTERS,STORE_FOSTERS,WALK,TRUE,,,,,ACTIVE,,,,,,,
NODE_DOOR_GAME,STORE_GAME,WALK,TRUE,,,,,ACTIVE,,,,,,,
NODE_DOOR_GELATERIA,STORE_GELATERIA,WALK,TRUE,,,,,ACTIVE,,,,,,,
NODE_DOOR_GEOX,STORE_GEOX,WALK,TRUE,,,,,ACTIVE,,,,,,,
NODE_DOOR_GOLDRUSH,STORE_GOLDRUSH,WALK,TRUE,,,,,ACTIVE,,,,,,,
NODE_DOOR_GOURMETCAFE,STORE_GOURMETCAFE,WALK,TRUE,,,,,ACTIVE,,,,,,,
NODE_DOOR_GRABA2,STORE_GRABA2,WALK,TRUE,,,,,ACTIVE,,,,,,,
NODE_DOOR_GREENWICH,STORE_GREENWICH,WALK,TRUE,,,,,ACTIVE,,,,,,,
NODE_DOOR_GUESS_N,STORE_GUESS_N,WALK,TRUE,,,,,ACTIVE,,,,,,,
NODE_DOOR_GUESS_S,STORE_GUESS_S,WALK,TRUE,,,,,ACTIVE,,,,,,,
NODE_DOOR_GUESS_SS,STORE_GUESS_SS,WALK,TRUE,,,,,ACTIVE,,,,,,,
NODE_DOOR_HAAGEN_DASZ,STORE_HAAGEN_DASZ,WALK,TRUE,,,,,ACTIVE,,,,,,,
NODE_DOOR_HM_E,STORE_HM_E,WALK,TRUE,,,,,ACTIVE,,,,,,,
NODE_DOOR_HM_W,STORE_HM_W,WALK,TRUE,,,,,ACTIVE,,,,,,,
NODE_DOOR_ICECREAM,STORE_ICECREAM,WALK,TRUE,,,,,ACTIVE,,,,,,,
NODE_DOOR_IKEA,STORE_IKEA,WALK,TRUE,,,,,ACTIVE,,,,,,,
NODE_DOOR_INFINITYLOVE,STORE_INFINITYLOVE,WALK,TRUE,,,,,ACTIVE,,,,,,,
NODE_DOOR_INSIDE,STORE_INSIDE,WALK,TRUE,,,,,ACTIVE,,,,,,,
NODE_DOOR_IPANEMA,STORE_IPANEMA,WALK,TRUE,,,,,ACTIVE,,,,,,,
NODE_DOOR_JIJONENCA,STORE_JIJONENCA,WALK,TRUE,,,,,ACTIVE,,,,,,,
NODE_DOOR_KEBABEXPRESS,STORE_KEBABEXPRESS,WALK,TRUE,,,,,ACTIVE,,,,,,,
NODE_DOOR_KIKOMILANO,STORE_KIKOMILANO,WALK,TRUE,,,,,ACTIVE,,,,,,,
NODE_DOOR_KOALABAY,STORE_KOALABAY,WALK,TRUE,,,,,ACTIVE,,,,,,,
NODE_DOOR_LA_TAGLIATELLA,STORE_LA_TAGLIATELLA,WALK,TRUE,,,,,ACTIVE,,,,,,,
NODE_DOOR_LASERESTETIC,STORE_LASERESTETIC,WALK,TRUE,,,,,ACTIVE,,,,,,,
NODE_DOOR_LEFTIES,STORE_LEFTIES,WALK,TRUE,,,,,ACTIVE,,,,,,,
NODE_DOOR_LEROY_MERLIN,STORE_LEROY_MERLIN,WALK,TRUE,,,,,ACTIVE,,,,,,,
NODE_DOOR_LEROYMERLIN_PICKUP,STORE_LEROYMERLIN_PICKUP,WALK,TRUE,,,,,ACTIVE,,,,,,,
NODE_DOOR_LEVIS,STORE_LEVIS,WALK,TRUE,,,,,ACTIVE,,,,,,,
NODE_DOOR_LIONOFPORCHES,STORE_LIONOFPORCHES,WALK,TRUE,,,,,ACTIVE,,,,,,,
NODE_DOOR_LIZARRAN,STORE_LIZARRAN,WALK,TRUE,,,,,ACTIVE,,,,,,,
NODE_DOOR_LOTERIA,STORE_LOTERIA,WALK,TRUE,,,,,ACTIVE,,,,,,,
NODE_DOOR_LOWCOST,STORE_LOWCOST,WALK,TRUE,,,,,ACTIVE,,,,,,,
NODE_DOOR_LUXENTER,STORE_LUXENTER,WALK,TRUE,,,,,ACTIVE,,,,,,,
NODE_DOOR_LUXURYFOOD,STORE_LUXURYFOOD,WALK,TRUE,,,,,ACTIVE,,,,,,,
NODE_DOOR_MANGO,STORE_MANGO,WALK,TRUE,,,,,ACTIVE,,,,,,,
NODE_DOOR_MARVIMUNDO,STORE_MARVIMUNDO,WALK,TRUE,,,,,ACTIVE,,,,,,,
NODE_DOOR_MASSIMODUTTI_N,STORE_MASSIMODUTTI_N,WALK,TRUE,,,,,ACTIVE,,,,,,,
NODE_DOOR_MASSIMODUTTI_S,STORE_MASSIMODUTTI_S,WALK,TRUE,,,,,ACTIVE,,,,,,,
NODE_DOOR_MAXCOLCHON,STORE_MAXCOLCHON,WALK,TRUE,,,,,ACTIVE,,,,,,,
NODE_DOOR_MAXIMA,STORE_MAXIMA,WALK,TRUE,,,,,ACTIVE,,,,,,,
NODE_DOOR_MAYKA_N,STORE_MAYKA_N,WALK,TRUE,,,,,ACTIVE,,,,,,,
NODE_DOOR_MAYKA_S,STORE_MAYKA_S,WALK,TRUE,,,,,ACTIVE,,,,,,,
NODE_DOOR_ME,STORE_ME,WALK,TRUE,,,,,ACTIVE,,,,,,,
NODE_DOOR_MEDIAMARKT,STORE_MEDIAMARKT,WALK,TRUE,,,,,ACTIVE,,,,,,,
NODE_DOOR_MISAKO,STORE_MISAKO,WALK,TRUE,,,,,ACTIVE,,,,,,,
NODE_DOOR_MISTERMINT,STORE_MISTERMINT,WALK,TRUE,,,,,ACTIVE,,,,,,,
NODE_DOOR_MR_PEOPLE,STORE_MR_PEOPLE,WALK,TRUE,,,,,ACTIVE,,,,,,,
NODE_DOOR_MUERDELAPASTA,STORE_MUERDELAPASTA,WALK,TRUE,,,,,ACTIVE,,,,,,,
NODE_DOOR_MYTAPA,STORE_MYTAPA,WALK,TRUE,,,,,ACTIVE,,,,,,,
NODE_DOOR_NAILS,STORE_NAILS,WALK,TRUE,,,,,ACTIVE,,,,,,,
NODE_DOOR_NATURAGIFTSHOP,STORE_NATURAGIFTSHOP,WALK,TRUE,,,,,ACTIVE,,,,,,,
NODE_DOOR_NORAUTO,STORE_NORAUTO,WALK,TRUE,,,,,ACTIVE,,,,,,,
NODE_DOOR_OYSHO,STORE_OYSHO,WALK,TRUE,,,,,ACTIVE,,,,,,,
NODE_DOOR_PACOMARTINEZ,STORE_PACOMARTINEZ,WALK,TRUE,,,,,ACTIVE,,,,,,,
NODE_DOOR_PALPELO_E,STORE_PALPELO_E,WALK,TRUE,,,,,ACTIVE,,,,,,,
NODE_DOOR_PALPELO_W,STORE_PALPELO_W,WALK,TRUE,,,,,ACTIVE,,,,,,,
NODE_DOOR_PANDORA,STORE_PANDORA,WALK,TRUE,,,,,ACTIVE,,,,,,,
NODE_DOOR_PARFOIS,STORE_PARFOIS,WALK,TRUE,,,,,ACTIVE,,,,,,,
NODE_DOOR_PASGAR,STORE_PASGAR,WALK,TRUE,,,,,ACTIVE,,,,,,,
NODE_DOOR_PEPEJEANS,STORE_PEPEJEANS,WALK,TRUE,,,,,ACTIVE,,,,,,,
NODE_DOOR_PEWTER,STORE_PEWTER,WALK,TRUE,,,,,ACTIVE,,,,,,,
NODE_DOOR_PHARMACY,STORE_PHARMACY,WALK,TRUE,,,,,ACTIVE,,,,,,,
NODE_DOOR_POLINESIA,STORE_POLINESIA,WALK,TRUE,,,,,ACTIVE,,,,,,,
NODE_DOOR_POPEYES,STORE_POPEYES,WALK,TRUE,,,,,ACTIVE,,,,,,,
NODE_DOOR_PRIMARK,STORE_PRIMARK,WALK,TRUE,,,,,ACTIVE,,,,,,,
NODE_DOOR_PRIMICHI,STORE_PRIMICHI,WALK,TRUE,,,,,ACTIVE,,,,,,,
NODE_DOOR_PRIMOR,STORE_PRIMOR,WALK,TRUE,,,,,ACTIVE,,,,,,,
NODE_DOOR_PULLBEAR,STORE_PULLBEAR,WALK,TRUE,,,,,ACTIVE,,,,,,,
NODE_DOOR_PUNTROMA,STORE_PUNTROMA,WALK,TRUE,,,,,ACTIVE,,,,,,,
NODE_DOOR_RESTAURANTCASACARMEN,STORE_RESTAURANTCASACARMEN,WALK,TRUE,,,,,ACTIVE,,,,,,,
NODE_DOOR_RITUALS,STORE_RITUALS,WALK,TRUE,,,,,ACTIVE,,,,,,,
NODE_DOOR_ROBERTOMARTIN,STORE_ROBERTOMARTIN,WALK,TRUE,,,,,ACTIVE,,,,,,,
NODE_DOOR_RXS,STORE_RXS,WALK,TRUE,,,,,ACTIVE,,,,,,,
NODE_DOOR_SANTOSOCHOA,STORE_SANTOSOCHOA,WALK,TRUE,,,,,ACTIVE,,,,,,,
NODE_DOOR_SAXO,STORE_SAXO,WALK,TRUE,,,,,ACTIVE,,,,,,,
NODE_DOOR_SCOTTA,STORE_SCOTTA,WALK,TRUE,,,,,ACTIVE,,,,,,,
NODE_DOOR_SMOOY,STORE_SMOOY,WALK,TRUE,,,,,ACTIVE,,,,,,,
NODE_DOOR_SOLOOPTICAL_E,STORE_SOLOOPTICAL_E,WALK,TRUE,,,,,ACTIVE,,,,,,,
NODE_DOOR_SOLOOPTICAL_W,STORE_SOLOOPTICAL_W,WALK,TRUE,,,,,ACTIVE,,,,,,,
NODE_DOOR_SPRINGFIELD,STORE_SPRINGFIELD,WALK,TRUE,,,,,ACTIVE,,,,,,,
NODE_DOOR_STARBUCKS,STORE_STARBUCKS,WALK,TRUE,,,,,ACTIVE,,,,,,,
NODE_DOOR_STRADIVARIUS,STORE_STRADIVARIUS,WALK,TRUE,,,,,ACTIVE,,,,,,,
NODE_DOOR_SUPERDRY,STORE_SUPERDRY,WALK,TRUE,,,,,ACTIVE,,,,,,,
NODE_DOOR_SWAROVSKI,STORE_SWAROVSKI,WALK,TRUE,,,,,ACTIVE,,,,,,,
NODE_DOOR_TACOBELL,STORE_TACOBELL,WALK,TRUE,,,,,ACTIVE,,,,,,,
NODE_DOOR_TEASHOP,STORE_TEASHOP,WALK,TRUE,,,,,ACTIVE,,,,,,,
NODE_DOOR_TERRASSA,STORE_TERRASSA,WALK,TRUE,,,,,ACTIVE,,,,,,,
NODE_DOOR_THEBODYSHOP,STORE_THEBODYSHOP,WALK,TRUE,,,,,ACTIVE,,,,,,,
NODE_DOOR_THEFITZGERALD,STORE_THEFITZGERALD,WALK,TRUE,,,,,ACTIVE,,,,,,,
NODE_DOOR_THENORTHFACE,STORE_THENORTHFACE,WALK,TRUE,,,,,ACTIVE,,,,,,,
NODE_DOOR_TIENDANIMAL,STORE_TIENDANIMAL,WALK,TRUE,,,,,ACTIVE,,,,,,,
NODE_DOOR_TIMEROAD,STORE_TIMEROAD,WALK,TRUE,,,,,ACTIVE,,,,,,,
NODE_DOOR_TOUS,STORE_TOUS,WALK,TRUE,,,,,ACTIVE,,,,,,,
NODE_DOOR_TRAMAS,STORE_TRAMAS,WALK,TRUE,,,,,ACTIVE,,,,,,,
NODE_DOOR_ULANKA,STORE_ULANKA,WALK,TRUE,,,,,ACTIVE,,,,,,,
NODE_DOOR_UNKNOWN_MAYKA_FLYING,STORE_UNKNOWN_MAYKA_FLYING,WALK,TRUE,,,,,ACTIVE,,,,,,,
NODE_DOOR_UNKNOWN_SUNGLASSES_SMOOY,STORE_UNKNOWN_SUNGLASSES_SMOOY,WALK,TRUE,,,,,ACTIVE,,,,,,,
NODE_DOOR_VANS,STORE_VANS,WALK,TRUE,,,,,ACTIVE,,,,,,,
NODE_DOOR_WOKCENTER,STORE_WOKCENTER,WALK,TRUE,,,,,ACTIVE,,,,,,,
NODE_DOOR_WOMENSECRET,STORE_WOMENSECRET,WALK,TRUE,,,,,ACTIVE,,,,,,,
NODE_DOOR_YVESROCHER,STORE_YVESROCHER,WALK,TRUE,,,,,ACTIVE,,,,,,,
NODE_DOOR_ZARA,STORE_ZARA,WALK,TRUE,,,,,ACTIVE,,,,,,,
NODE_DOOR_ZARAHOME,STORE_ZARAHOME,WALK,TRUE,,,,,ACTIVE,,,,,,,
BUS_STOP_1,COR_EXT_MAIN_ENTRANCE_W,WALK,TRUE,,,,,ACTIVE,,,,,,,
